codigo,descricao,secao,divisao,grupo,classe
0111301,"Cultivo de arroz",A,01,011,01113
0111302,"Cultivo de milho",A,01,011,01113
0111303,"Cultivo de trigo",A,01,011,01113
0111399,"Cultivo de outros cereais não especificados anteriormente",A,01,011,01113
0112101,"Cultivo de algodão herbáceo",A,01,011,01121
0112102,"Cultivo de juta",A,01,011,01121
0112199,"Cultivo de outras fibras de lavoura temporária não especificadas anteriormente",A,01,011,01121
0113000,"Cultivo de cana de açúcar",A,01,011,01130
0114800,"Cultivo de fumo",A,01,011,01148
0115600,"Cultivo de soja",A,01,011,01156
0116401,"Cultivo de amendoim",A,01,011,01164
0116402,"Cultivo de girassol",A,01,011,01164
0116403,"Cultivo de mamona",A,01,011,01164
0116499,"Cultivo de outras oleaginosas de lavoura temporária não especificadas anteriormente",A,01,011,01164
0119901,"Cultivo de abacaxi",A,01,011,01199
0119902,"Cultivo de alho",A,01,011,01199
0119903,"Cultivo de batata inglesa",A,01,011,01199
0119904,"Cultivo de cebola",A,01,011,01199
0119905,"Cultivo de feijão",A,01,011,01199
0119906,"Cultivo de mandioca",A,01,011,01199
0119907,"Cultivo de melão",A,01,011,01199
0119908,"Cultivo de melancia",A,01,011,01199
0119909,"Cultivo de tomate rasteiro",A,01,011,01199
0119999,"Cultivo de outras plantas de lavoura temporária não especificadas anteriormente",A,01,011,01199
0121101,"Horticultura, exceto morango",A,01,012,01211
0121102,"Cultivo de morango",A,01,012,01211
0122900,"Cultivo de flores e plantas ornamentais",A,01,012,01229
0131800,"Cultivo de laranja",A,01,013,01318
0132600,"Cultivo de uva",A,01,013,01326
0133401,"Cultivo de açaí",A,01,013,01334
0133402,"Cultivo de banana",A,01,013,01334
0133403,"Cultivo de caju",A,01,013,01334
0133404,"Cultivo de cítricos, exceto laranja",A,01,013,01334
0133405,"Cultivo de coco da baía",A,01,013,01334
0133406,"Cultivo de guaraná",A,01,013,01334
0133407,"Cultivo de maçã",A,01,013,01334
0133408,"Cultivo de mamão",A,01,013,01334
0133409,"Cultivo de maracujá",A,01,013,01334
0133410,"Cultivo de manga",A,01,013,01334
0133411,"Cultivo de pêssego",A,01,013,01334
0133499,"Cultivo de frutas de lavoura permanente não especificadas anteriormente",A,01,013,01334
0134200,"Cultivo de café",A,01,013,01342
0135100,"Cultivo de cacau",A,01,013,01351
0139301,"Cultivo de chá da índia",A,01,013,01393
0139302,"Cultivo de erva mate",A,01,013,01393
0139303,"Cultivo de pimenta do reino",A,01,013,01393
0139304,"Cultivo de plantas para condimento, exceto pimenta do reino",A,01,013,01393
0139305,"Cultivo de dendê",A,01,013,01393
0139306,"Cultivo de seringueira",A,01,013,01393
0139399,"Cultivo de outras plantas de lavoura permanente não especificadas anteriormente",A,01,013,01393
0141501,"Produção de sementes certificadas, exceto de forrageiras para pasto",A,01,014,01415
0141502,"Produção de sementes certificadas de forrageiras para formação de pasto",A,01,014,01415
0142300,"Produção de mudas e outras formas de propagação vegetal, certificadas",A,01,014,01423
0151201,"Criação de bovinos para corte",A,01,015,01512
0151202,"Criação de bovinos para leite",A,01,015,01512
0151203,"Criação de bovinos, exceto para corte e leite",A,01,015,01512
0152101,"Criação de bufalinos",A,01,015,01521
0152102,"Criação de eqüinos",A,01,015,01521
0152103,"Criação de asininos e muares",A,01,015,01521
0153901,"Criação de caprinos",A,01,015,01539
0153902,"Criação de ovinos, inclusive para produção de lã",A,01,015,01539
0154700,"Criação de suínos",A,01,015,01547
0155501,"Criação de frangos para corte",A,01,015,01555
0155502,"Produção de pintos de um dia",A,01,015,01555
0155503,"Criação de outros galináceos, exceto para corte",A,01,015,01555
0155504,"Criação de aves, exceto galináceos",A,01,015,01555
0155505,"Produção de ovos",A,01,015,01555
0159801,Apicultura,A,01,015,01598
0159802,"Criação de animais de estimação",A,01,015,01598
0159803,"Criação de escargô",A,01,015,01598
0159804,"Criação de bicho da seda",A,01,015,01598
0159899,"Criação de outros animais não especificados anteriormente",A,01,015,01598
0161001,"Serviço de pulverização e controle de pragas agrícolas",A,01,016,01610
0161002,"Serviço de poda de árvores para lavouras",A,01,016,01610
0161003,"Serviço de preparação de terreno, cultivo e colheita",A,01,016,01610
0161099,"Atividades de apoio à agricultura não especificadas anteriormente",A,01,016,01610
0162801,"Serviço de inseminação artificial de animais",A,01,016,01628
0162802,"Serviço de tosquiamento de ovinos",A,01,016,01628
0162803,"Serviço de manejo de animais",A,01,016,01628
0162899,"Atividades de apoio à pecuária não especificadas anteriormente",A,01,016,01628
0163600,"Atividades de pós colheita",A,01,016,01636
0170900,"Caça e serviços relacionados",A,01,017,01709
0210101,"Cultivo de eucalipto",A,02,021,02101
0210102,"Cultivo de acácia negra",A,02,021,02101
0210103,"Cultivo de pinus",A,02,021,02101
0210104,"Cultivo de teca",A,02,021,02101
0210105,"Cultivo de espécies madeireiras, exceto eucalipto, acácia negra, pinus e teca",A,02,021,02101
0210106,"Cultivo de mudas em viveiros florestais",A,02,021,02101
0210107,"Extração de madeira em florestas plantadas",A,02,021,02101
0210108,"Produção de carvão vegetal - florestas plantadas",A,02,021,02101
0210109,"Produção de casca de acácia negra - florestas plantadas",A,02,021,02101
0210199,"Produção de produtos não madeireiros não especificados anteriormente em florestas plantadas",A,02,021,02101
0220901,"Extração de madeira em florestas nativas",A,02,022,02209
0220902,"Produção de carvão vegetal - florestas nativas",A,02,022,02209
0220903,"Coleta de castanha do pará em florestas nativas",A,02,022,02209
0220904,"Coleta de látex em florestas nativas",A,02,022,02209
0220905,"Coleta de palmito em florestas nativas",A,02,022,02209
0220906,"Conservação de florestas nativas",A,02,022,02209
0220999,"Coleta de produtos não madeireiros não especificados anteriormente em florestas nativas",A,02,022,02209
0230600,"Atividades de apoio à produção florestal",A,02,023,02306
0311601,"Pesca de peixes em água salgada",A,03,031,03116
0311602,"Pesca de crustáceos e moluscos em água salgada",A,03,031,03116
0311603,"Coleta de outros produtos marinhos",A,03,031,03116
0311604,"Atividades de apoio à pesca em água salgada",A,03,031,03116
0312401,"Pesca de peixes em água doce",A,03,031,03124
0312402,"Pesca de crustáceos e moluscos em água doce",A,03,031,03124
0312403,"Coleta de outros produtos aquáticos de água doce",A,03,031,03124
0312404,"Atividades de apoio à pesca em água doce",A,03,031,03124
0321301,"Criação de peixes em água salgada e salobra",A,03,032,03213
0321302,"Criação de camarões em água salgada e salobra",A,03,032,03213
0321303,"Criação de ostras e mexilhões em água salgada e salobra",A,03,032,03213
0321304,"Criação de peixes ornamentais em água salgada e salobra",A,03,032,03213
0321305,"Atividades de apoio à aqüicultura em água salgada e salobra",A,03,032,03213
0321399,"Cultivos e semicultivos da aqüicultura em água salgada e salobra não especificados anteriormente",A,03,032,03213
0322101,"Criação de peixes em água doce",A,03,032,03221
0322102,"Criação de camarões em água doce",A,03,032,03221
0322103,"Criação de ostras e mexilhões em água doce",A,03,032,03221
0322104,"Criação de peixes ornamentais em água doce",A,03,032,03221
0322105,Ranicultura,A,03,032,03221
0322106,"Criação de jacaré",A,03,032,03221
0322107,"Atividades de apoio à aqüicultura em água doce",A,03,032,03221
0322199,"Cultivos e semicultivos da aqüicultura em água doce não especificados anteriormente",A,03,032,03221
0500301,"Extração de carvão mineral",B,05,050,05003
0500302,"Beneficiamento de carvão mineral",B,05,050,05003
0600001,"Extração de petróleo e gás natural",B,06,060,06000
0600002,"Extração e beneficiamento de xisto",B,06,060,06000
0600003,"Extração e beneficiamento de areias betuminosas",B,06,060,06000
0710301,"Extração de minério de ferro",B,07,071,07103
0710302,"Pelotização, sinterização e outros beneficiamentos de minério de ferro",B,07,071,07103
0721901,"Extração de minério de alumínio",B,07,072,07219
0721902,"Beneficiamento de minério de alumínio",B,07,072,07219
0722701,"Extração de minério de estanho",B,07,072,07227
0722702,"Beneficiamento de minério de estanho",B,07,072,07227
0723501,"Extração de minério de manganês",B,07,072,07235
0723502,"Beneficiamento de minério de manganês",B,07,072,07235
0724301,"Extração de minério de metais preciosos",B,07,072,07243
0724302,"Beneficiamento de minério de metais preciosos",B,07,072,07243
0725100,"Extração de minerais radioativos",B,07,072,07251
0729401,"Extração de minérios de nióbio e titânio",B,07,072,07294
0729402,"Extração de minério de tungstênio",B,07,072,07294
0729403,"Extração de minério de níquel",B,07,072,07294
0729404,"Extração de minérios de cobre, chumbo, zinco e outros minerais metálicos não ferrosos não especificados anteriormente",B,07,072,07294
0729405,"Beneficiamento de minérios de cobre, chumbo, zinco e outros minerais metálicos não ferrosos não especificados anteriormente",B,07,072,07294
0810001,"Extração de ardósia e beneficiamento associado",B,08,081,08100
0810002,"Extração de granito e beneficiamento associado",B,08,081,08100
0810003,"Extração de mármore e beneficiamento associado",B,08,081,08100
0810004,"Extração de calcário e dolomita e beneficiamento associado",B,08,081,08100
0810005,"Extração de gesso e caulim",B,08,081,08100
0810006,"Extração de areia, cascalho ou pedregulho e beneficiamento associado",B,08,081,08100
0810007,"Extração de argila e beneficiamento associado",B,08,081,08100
0810008,"Extração de saibro e beneficiamento associado",B,08,081,08100
0810009,"Extração de basalto e beneficiamento associado",B,08,081,08100
0810010,"Beneficiamento de gesso e caulim associado à extração",B,08,081,08100
0810099,"Extração e britamento de pedras e outros materiais para construção e beneficiamento associado",B,08,081,08100
0891600,"Extração de minerais para fabricação de adubos, fertilizantes e outros produtos químicos",B,08,089,08916
0892401,"Extração de sal marinho",B,08,089,08924
0892402,"Extração de sal gema",B,08,089,08924
0892403,"Refino e outros tratamentos do sal",B,08,089,08924
0893200,"Extração de gemas (pedras preciosas e semipreciosas)",B,08,089,08932
0899101,"Extração de grafita",B,08,089,08991
0899102,"Extração de quartzo",B,08,089,08991
0899103,"Extração de amianto",B,08,089,08991
0899199,"Extração de outros minerais não metálicos não especificados anteriormente",B,08,089,08991
0910600,"Atividades de apoio à extração de petróleo e gás natural",B,09,091,09106
0990401,"Atividades de apoio à extração de minério de ferro",B,09,099,09904
0990402,"Atividades de apoio à extração de minerais metálicos não ferrosos",B,09,099,09904
0990403,"Atividades de apoio à extração de minerais não metálicos",B,09,099,09904
1011201,"Frigorífico - abate de bovinos",C,10,101,10112
1011202,"Frigorífico - abate de eqüinos",C,10,101,10112
1011203,"Frigorífico - abate de ovinos e caprinos",C,10,101,10112
1011204,"Frigorífico - abate de bufalinos",C,10,101,10112
1011205,"Matadouro - abate de reses sob contrato - exceto abate de suínos",C,10,101,10112
1012101,"Abate de aves",C,10,101,10121
1012102,"Abate de pequenos animais",C,10,101,10121
1012103,"Frigorífico - abate de suínos",C,10,101,10121
1012104,"Matadouro - abate de suínos sob contrato",C,10,101,10121
1013901,"Fabricação de produtos de carne",C,10,101,10139
1013902,"Preparação de subprodutos do abate",C,10,101,10139
1020101,"Preservação de peixes, crustáceos e moluscos",C,10,102,10201
1020102,"Fabricação de conservas de peixes, crustáceos e moluscos",C,10,102,10201
1031700,"Fabricação de conservas de frutas",C,10,103,10317
1032501,"Fabricação de conservas de palmito",C,10,103,10325
1032599,"Fabricação de conservas de legumes e outros vegetais, exceto palmito",C,10,103,10325
1033301,"Fabricação de sucos concentrados de frutas, hortaliças e legumes",C,10,103,10333
1033302,"Fabricação de sucos de frutas, hortaliças e legumes, exceto concentrados",C,10,103,10333
1041400,"Fabricação de óleos vegetais em bruto, exceto óleo de milho",C,10,104,10414
1042200,"Fabricação de óleos vegetais refinados, exceto óleo de milho",C,10,104,10422
1043100,"Fabricação de margarina e outras gorduras vegetais e de óleos não comestíveis de animais",C,10,104,10431
1051100,"Preparação do leite",C,10,105,10511
1052000,"Fabricação de laticínios",C,10,105,10520
1053800,"Fabricação de sorvetes e outros gelados comestíveis",C,10,105,10538
1061901,"Beneficiamento de arroz",C,10,106,10619
1061902,"Fabricação de produtos do arroz",C,10,106,10619
1062700,"Moagem de trigo e fabricação de derivados",C,10,106,10627
1063500,"Fabricação de farinha de mandioca e derivados",C,10,106,10635
1064300,"Fabricação de farinha de milho e derivados, exceto óleos de milho",C,10,106,10643
1065101,"Fabricação de amidos e féculas de vegetais",C,10,106,10651
1065102,"Fabricação de óleo de milho em bruto",C,10,106,10651
1065103,"Fabricação de óleo de milho refinado",C,10,106,10651
1066000,"Fabricação de alimentos para animais",C,10,106,10660
1069400,"Moagem e fabricação de produtos de origem vegetal não especificados anteriormente",C,10,106,10694
1071600,"Fabricação de açúcar em bruto",C,10,107,10716
1072401,"Fabricação de açúcar de cana refinado",C,10,107,10724
1072402,"Fabricação de açúcar de cereais (dextrose) e de beterraba",C,10,107,10724
1081301,"Beneficiamento de café",C,10,108,10813
1081302,"Torrefação e moagem de café",C,10,108,10813
1082100,"Fabricação de produtos à base de café",C,10,108,10821
1091101,"Fabricação de produtos de panificação industrial",C,10,109,10911
1091102,"Fabricação de produtos de padaria e confeitaria com predominância  de produção própria",C,10,109,10911
1092900,"Fabricação de biscoitos e bolachas",C,10,109,10929
1093701,"Fabricação de produtos derivados do cacau e de chocolates",C,10,109,10937
1093702,"Fabricação de frutas cristalizadas, balas e semelhantes",C,10,109,10937
1094500,"Fabricação de massas alimentícias",C,10,109,10945
1095300,"Fabricação de especiarias, molhos, temperos e condimentos",C,10,109,10953
1096100,"Fabricação de alimentos e pratos prontos",C,10,109,10961
1099601,"Fabricação de vinagres",C,10,109,10996
1099602,"Fabricação de pós alimentícios",C,10,109,10996
1099603,"Fabricação de fermentos e leveduras",C,10,109,10996
1099604,"Fabricação de gelo comum",C,10,109,10996
1099605,"Fabricação de produtos para infusão (chá, mate, etc.)",C,10,109,10996
1099606,"Fabricação de adoçantes naturais e artificiais",C,10,109,10996
1099607,"Fabricação de alimentos dietéticos e complementos alimentares",C,10,109,10996
1099699,"Fabricação de outros produtos alimentícios não especificados anteriormente",C,10,109,10996
1111901,"Fabricação de aguardente de cana de açúcar",C,11,111,11119
1111902,"Fabricação de outras aguardentes e bebidas destiladas",C,11,111,11119
1112700,"Fabricação de vinho",C,11,111,11127
1113501,"Fabricação de malte, inclusive malte uísque",C,11,111,11135
1113502,"Fabricação de cervejas e chopes",C,11,111,11135
1121600,"Fabricação de águas envasadas",C,11,112,11216
1122401,"Fabricação de refrigerantes",C,11,112,11224
1122402,"Fabricação de chá mate e outros chás prontos para consumo",C,11,112,11224
1122403,"Fabricação de refrescos, xaropes e pós para refrescos, exceto refrescos de frutas",C,11,112,11224
1122404,"Fabricação de bebidas isotônicas",C,11,112,11224
1122499,"Fabricação de outras bebidas não alcoólicas não especificadas anteriormente",C,11,112,11224
1210700,"Processamento industrial do fumo",C,12,121,12107
1220401,"Fabricação de cigarros",C,12,122,12204
1220402,"Fabricação de cigarrilhas e charutos",C,12,122,12204
1220403,"Fabricação de filtros para cigarros",C,12,122,12204
1220499,"Fabricação de outros produtos do fumo, exceto cigarros, cigarrilhas e charutos",C,12,122,12204
1311100,"Preparação e fiação de fibras de algodão",C,13,131,13111
1312000,"Preparação e fiação de fibras têxteis naturais, exceto algodão",C,13,131,13120
1313800,"Fiação de fibras artificiais e sintéticas",C,13,131,13138
1314600,"Fabricação de linhas para costurar e bordar",C,13,131,13146
1321900,"Tecelagem de fios de algodão",C,13,132,13219
1322700,"Tecelagem de fios de fibras têxteis naturais, exceto algodão",C,13,132,13227
1323500,"Tecelagem de fios de fibras artificiais e sintéticas",C,13,132,13235
1330800,"Fabricação de tecidos de malha",C,13,133,13308
1340501,"Estamparia e texturização em fios, tecidos, artefatos têxteis e peças do vestuário",C,13,134,13405
1340502,"Alvejamento, tingimento e torção em fios, tecidos, artefatos têxteis e peças do vestuário",C,13,134,13405
1340599,"Outros serviços de acabamento em fios, tecidos, artefatos têxteis e peças do vestuário",C,13,134,13405
1351100,"Fabricação de artefatos têxteis para uso doméstico",C,13,135,13511
1352900,"Fabricação de artefatos de tapeçaria",C,13,135,13529
1353700,"Fabricação de artefatos de cordoaria",C,13,135,13537
1354500,"Fabricação de tecidos especiais, inclusive artefatos",C,13,135,13545
1359600,"Fabricação de outros produtos têxteis não especificados anteriormente",C,13,135,13596
1411801,"Confecção de roupas íntimas",C,14,141,14118
1411802,"Facção de roupas íntimas",C,14,141,14118
1412601,"Confecção de peças de vestuário, exceto roupas íntimas e as confeccionadas sob medida",C,14,141,14126
1412602,"Confecção, sob medida, de peças do vestuário, exceto roupas íntimas",C,14,141,14126
1412603,"Facção de peças do vestuário, exceto roupas íntimas",C,14,141,14126
1413401,"Confecção de roupas profissionais, exceto sob medida",C,14,141,14134
1413402,"Confecção, sob medida, de roupas profissionais",C,14,141,14134
1413403,"Facção de roupas profissionais",C,14,141,14134
1414200,"Fabricação de acessórios do vestuário, exceto para segurança e proteção",C,14,141,14142
1421500,"Fabricação de meias",C,14,142,14215
1422300,"Fabricação de artigos do vestuário, produzidos em malharias e tricotagens, exceto meias",C,14,142,14223
1510600,"Curtimento e outras preparações de couro",C,15,151,15106
1521100,"Fabricação de artigos para viagem, bolsas e semelhantes de qualquer material",C,15,152,15211
1529700,"Fabricação de artefatos de couro não especificados anteriormente",C,15,152,15297
1531901,"Fabricação de calçados de couro",C,15,153,15319
1531902,"Acabamento de calçados de couro sob contrato",C,15,153,15319
1532700,"Fabricação de tênis de qualquer material",C,15,153,15327
1533500,"Fabricação de calçados de material sintético",C,15,153,15335
1539400,"Fabricação de calçados de materiais não especificados anteriormente",C,15,153,15394
1540800,"Fabricação de partes para calçados, de qualquer material",C,15,154,15408
1610203,"Serrarias com desdobramento de madeira em bruto",C,16,161,16102
1610204,"Serrarias sem desdobramento de madeira em bruto - resserragem",C,16,161,16102
1610205,"Serviço de tratamento de madeira realizado sob contrato",C,16,161,16102
1621800,"Fabricação de madeira laminada e de chapas de madeira compensada, prensada e aglomerada",C,16,162,16218
1622601,"Fabricação de casas de madeira pré fabricadas",C,16,162,16226
1622602,"Fabricação de esquadrias de madeira e de peças de madeira para instalações industriais e comerciais",C,16,162,16226
1622699,"Fabricação de outros artigos de carpintaria para construção",C,16,162,16226
1623400,"Fabricação de artefatos de tanoaria e de embalagens de madeira",C,16,162,16234
1629301,"Fabricação de artefatos diversos de madeira, exceto móveis",C,16,162,16293
1629302,"Fabricação de artefatos diversos de cortiça, bambu, palha, vime e outros materiais trançados, exceto móveis",C,16,162,16293
1710900,"Fabricação de celulose e outras pastas para a fabricação de papel",C,17,171,17109
1721400,"Fabricação de papel",C,17,172,17214
1722200,"Fabricação de cartolina e papel cartão",C,17,172,17222
1731100,"Fabricação de embalagens de papel",C,17,173,17311
1732000,"Fabricação de embalagens de cartolina e papel cartão",C,17,173,17320
1733800,"Fabricação de chapas e de embalagens de papelão ondulado",C,17,173,17338
1741901,"Fabricação de formulários contínuos",C,17,174,17419
1741902,"Fabricação de produtos de papel, cartolina, papel cartão e papelão ondulado para uso comercial e de escritório",C,17,174,17419
1742701,"Fabricação de fraldas descartáveis",C,17,174,17427
1742702,"Fabricação de absorventes higiênicos",C,17,174,17427
1742799,"Fabricação de produtos de papel para uso doméstico e higiênico sanitário não especificados anteriormente",C,17,174,17427
1749400,"Fabricação de produtos de pastas celulósicas, papel, cartolina, papel cartão e papelão ondulado não especificados anteriormente",C,17,174,17494
1811301,"Impressão de jornais",C,18,181,18113
1811302,"Impressão de livros, revistas e outras publicações periódicas",C,18,181,18113
1812100,"Impressão de material de segurança",C,18,181,18121
1813001,"Impressão de material para uso publicitário",C,18,181,18130
1813099,"Impressão de material para outros usos",C,18,181,18130
1821100,"Serviços de pré impressão",C,18,182,18211
1822901,"Serviços de encadernação e plastificação",C,18,182,18229
1822999,"Serviços de acabamentos gráficos, exceto encadernação e plastificação",C,18,182,18229
1830001,"Reprodução de som em qualquer suporte",C,18,183,18300
1830002,"Reprodução de vídeo em qualquer suporte",C,18,183,18300
1830003,"Reprodução de software em qualquer suporte",C,18,183,18300
1910100,Coquerias,C,19,191,19101
1921700,"Fabricação de produtos do refino de petróleo",C,19,192,19217
1922501,"Formulação de combustíveis",C,19,192,19225
1922502,"Rerrefino de óleos lubrificantes",C,19,192,19225
1922599,"Fabricação de outros produtos derivados do petróleo, exceto produtos do refino",C,19,192,19225
1931400,"Fabricação de álcool",C,19,193,19314
1932200,"Fabricação de biocombustíveis, exceto álcool",C,19,193,19322
2011800,"Fabricação de cloro e álcalis",C,20,201,20118
2012600,"Fabricação de intermediários para fertilizantes",C,20,201,20126
2013401,"Fabricação de adubos e fertilizantes organominerais",C,20,201,20134
2013402,"Fabricação de adubos e fertilizantes, exceto organominerais",C,20,201,20134
2014200,"Fabricação de gases industriais",C,20,201,20142
2019301,"Elaboração de combustíveis nucleares",C,20,201,20193
2019399,"Fabricação de outros produtos químicos inorgânicos não especificados anteriormente",C,20,201,20193
2021500,"Fabricação de produtos petroquímicos básicos",C,20,202,20215
2022300,"Fabricação de intermediários para plastificantes, resinas e fibras",C,20,202,20223
2029100,"Fabricação de produtos químicos orgânicos não especificados anteriormente",C,20,202,20291
2031200,"Fabricação de resinas termoplásticas",C,20,203,20312
2032100,"Fabricação de resinas termofixas",C,20,203,20321
2033900,"Fabricação de elastômeros",C,20,203,20339
2040100,"Fabricação de fibras artificiais e sintéticas",C,20,204,20401
2051700,"Fabricação de defensivos agrícolas",C,20,205,20517
2052500,"Fabricação de desinfestantes domissanitários",C,20,205,20525
2061400,"Fabricação de sabões e detergentes sintéticos",C,20,206,20614
2062200,"Fabricação de produtos de limpeza e polimento",C,20,206,20622
2063100,"Fabricação de cosméticos, produtos de perfumaria e de higiene pessoal",C,20,206,20631
2071100,"Fabricação de tintas, vernizes, esmaltes e lacas",C,20,207,20711
2072000,"Fabricação de tintas de impressão",C,20,207,20720
2073800,"Fabricação de impermeabilizantes, solventes e produtos afins",C,20,207,20738
2091600,"Fabricação de adesivos e selantes",C,20,209,20916
2092401,"Fabricação de pólvoras, explosivos e detonantes",C,20,209,20924
2092402,"Fabricação de artigos pirotécnicos",C,20,209,20924
2092403,"Fabricação de fósforos de segurança",C,20,209,20924
2093200,"Fabricação de aditivos de uso industrial",C,20,209,20932
2094100,"Fabricação de catalisadores",C,20,209,20941
2099101,"Fabricação de chapas, filmes, papéis e outros materiais e produtos químicos para fotografia",C,20,209,20991
2099199,"Fabricação de outros produtos químicos não especificados anteriormente",C,20,209,20991
2110600,"Fabricação de produtos farmoquímicos",C,21,211,21106
2121101,"Fabricação de medicamentos alopáticos para uso humano",C,21,212,21211
2121102,"Fabricação de medicamentos homeopáticos para uso humano",C,21,212,21211
2121103,"Fabricação de medicamentos fitoterápicos para uso humano",C,21,212,21211
2122000,"Fabricação de medicamentos para uso veterinário",C,21,212,21220
2123800,"Fabricação de preparações farmacêuticas",C,21,212,21238
2211100,"Fabricação de pneumáticos e de câmaras de ar",C,22,221,22111
2212900,"Reforma de pneumáticos usados",C,22,221,22129
2219600,"Fabricação de artefatos de borracha não especificados anteriormente",C,22,221,22196
2221800,"Fabricação de laminados planos e tubulares de material plástico",C,22,222,22218
2222600,"Fabricação de embalagens de material plástico",C,22,222,22226
2223400,"Fabricação de tubos e acessórios de material plástico para uso na construção",C,22,222,22234
2229301,"Fabricação de artefatos de material plástico para uso pessoal e doméstico",C,22,222,22293
2229302,"Fabricação de artefatos de material plástico para usos industriais",C,22,222,22293
2229303,"Fabricação de artefatos de material plástico para uso na construção, exceto tubos e acessórios",C,22,222,22293
2229399,"Fabricação de artefatos de material plástico para outros usos não especificados anteriormente",C,22,222,22293
2311700,"Fabricação de vidro plano e de segurança",C,23,231,23117
2312500,"Fabricação de embalagens de vidro",C,23,231,23125
2319200,"Fabricação de artigos de vidro",C,23,231,23192
2320600,"Fabricação de cimento",C,23,232,23206
2330301,"Fabricação de estruturas pré moldadas de concreto armado, em série e sob encomenda",C,23,233,23303
2330302,"Fabricação de artefatos de cimento para uso na construção",C,23,233,23303
2330303,"Fabricação de artefatos de fibrocimento para uso na construção",C,23,233,23303
2330304,"Fabricação de casas pré moldadas de concreto",C,23,233,23303
2330305,"Preparação de massa de concreto e argamassa para construção",C,23,233,23303
2330399,"Fabricação de outros artefatos e produtos de concreto, cimento, fibrocimento, gesso e materiais semelhantes",C,23,233,23303
2341900,"Fabricação de produtos cerâmicos refratários",C,23,234,23419
2342701,"Fabricação de azulejos e pisos",C,23,234,23427
2342702,"Fabricação de artefatos de cerâmica e barro cozido para uso na construção, exceto azulejos e pisos",C,23,234,23427
2349401,"Fabricação de material sanitário de cerâmica",C,23,234,23494
2349499,"Fabricação de produtos cerâmicos não refratários não especificados anteriormente",C,23,234,23494
2391501,"Britamento de pedras, exceto associado à extração",C,23,239,23915
2391502,"Aparelhamento de pedras para construção, exceto associado à extração",C,23,239,23915
2391503,"Aparelhamento de placas e execução de trabalhos em mármore, granito, ardósia e outras pedras",C,23,239,23915
2392300,"Fabricação de cal e gesso",C,23,239,23923
2399101,"Decoração, lapidação, gravação, vitrificação e outros trabalhos em cerâmica, louça, vidro e cristal",C,23,239,23991
2399102,"Fabricação de abrasivos",C,23,239,23991
2399199,"Fabricação de outros produtos de minerais não metálicos não especificados anteriormente",C,23,239,23991
2411300,"Produção de ferro gusa",C,24,241,24113
2412100,"Produção de ferroligas",C,24,241,24121
2421100,"Produção de semi acabados de aço",C,24,242,24211
2422901,"Produção de laminados planos de aço ao carbono, revestidos ou não",C,24,242,24229
2422902,"Produção de laminados planos de aços especiais",C,24,242,24229
2423701,"Produção de tubos de aço sem costura",C,24,242,24237
2423702,"Produção de laminados longos de aço, exceto tubos",C,24,242,24237
2424501,"Produção de arames de aço",C,24,242,24245
2424502,"Produção de relaminados, trefilados e perfilados de aço, exceto arames",C,24,242,24245
2431800,"Produção de tubos de aço com costura",C,24,243,24318
2439300,"Produção de outros tubos de ferro e aço",C,24,243,24393
2441501,"Produção de alumínio e suas ligas em formas primárias",C,24,244,24415
2441502,"Produção de laminados de alumínio",C,24,244,24415
2442300,"Metalurgia dos metais preciosos",C,24,244,24423
2443100,"Metalurgia do cobre",C,24,244,24431
2449101,"Produção de zinco em formas primárias",C,24,244,24491
2449102,"Produção de laminados de zinco",C,24,244,24491
2449103,"Fabricação de ânodos para galvanoplastia",C,24,244,24491
2449199,"Metalurgia de outros metais não ferrosos e suas ligas não especificados anteriormente",C,24,244,24491
2451200,"Fundição de ferro e aço",C,24,245,24512
2452100,"Fundição de metais não ferrosos e suas ligas",C,24,245,24521
2511000,"Fabricação de estruturas metálicas",C,25,251,25110
2512800,"Fabricação de esquadrias de metal",C,25,251,25128
2513600,"Fabricação de obras de caldeiraria pesada",C,25,251,25136
2521700,"Fabricação de tanques, reservatórios metálicos e caldeiras para aquecimento central",C,25,252,25217
2522500,"Fabricação de caldeiras geradoras de vapor, exceto para aquecimento central e para veículos",C,25,252,25225
2531401,"Produção de forjados de aço",C,25,253,25314
2531402,"Produção de forjados de metais não ferrosos e suas ligas",C,25,253,25314
2532201,"Produção de artefatos estampados de metal",C,25,253,25322
2532202,"Metalurgia do pó",C,25,253,25322
2539001,"Serviços de usinagem, tornearia e solda",C,25,253,25390
2539002,"Serviços de tratamento e revestimento em metais",C,25,253,25390
2541100,"Fabricação de artigos de cutelaria",C,25,254,25411
2542000,"Fabricação de artigos de serralheria, exceto esquadrias",C,25,254,25420
2543800,"Fabricação de ferramentas",C,25,254,25438
2550101,"Fabricação de equipamento bélico pesado, exceto veículos militares de combate",C,25,255,25501
2550102,"Fabricação de armas de fogo, outras armas  e munições",C,25,255,25501
2591800,"Fabricação de embalagens metálicas",C,25,259,25918
2592601,"Fabricação de produtos de trefilados de metal padronizados",C,25,259,25926
2592602,"Fabricação de produtos de trefilados de metal, exceto padronizados",C,25,259,25926
2593400,"Fabricação de artigos de metal para uso doméstico e pessoal",C,25,259,25934
2599301,"Serviços de confecção de armações metálicas para a construção",C,25,259,25993
2599302,"Serviço de corte e dobra de metais",C,25,259,25993
2599399,"Fabricação de outros produtos de metal não especificados anteriormente",C,25,259,25993
2610800,"Fabricação de componentes eletrônicos",C,26,261,26108
2621300,"Fabricação de equipamentos de informática",C,26,262,26213
2622100,"Fabricação de periféricos para equipamentos de informática",C,26,262,26221
2631100,"Fabricação de equipamentos transmissores de comunicação, peças e acessórios",C,26,263,26311
2632900,"Fabricação de aparelhos telefônicos e de outros equipamentos de comunicação, peças e acessórios",C,26,263,26329
2640000,"Fabricação de aparelhos de recepção, reprodução, gravação e amplificação de áudio e vídeo",C,26,264,26400
2651500,"Fabricação de aparelhos e equipamentos de medida, teste e controle",C,26,265,26515
2652300,"Fabricação de cronômetros e relógios",C,26,265,26523
2660400,"Fabricação de aparelhos eletromédicos e eletroterapêuticos e equipamentos de irradiação",C,26,266,26604
2670101,"Fabricação de equipamentos e instrumentos ópticos, peças e acessórios",C,26,267,26701
2670102,"Fabricação de aparelhos fotográficos e cinematográficos, peças e acessórios",C,26,267,26701
2680900,"Fabricação de mídias virgens, magnéticas e ópticas",C,26,268,26809
2710401,"Fabricação de geradores de corrente contínua e alternada, peças e acessórios",C,27,271,27104
2710402,"Fabricação de transformadores, indutores, conversores, sincronizadores e semelhantes, peças e acessórios",C,27,271,27104
2710403,"Fabricação de motores elétricos, peças e acessórios",C,27,271,27104
2721000,"Fabricação de pilhas, baterias e acumuladores elétricos, exceto para veículos automotores",C,27,272,27210
2722801,"Fabricação de baterias e acumuladores para veículos automotores",C,27,272,27228
2722802,"Recondicionamento de baterias e acumuladores para veículos automotores",C,27,272,27228
2731700,"Fabricação de aparelhos e equipamentos para distribuição e controle de energia elétrica",C,27,273,27317
2732500,"Fabricação de material elétrico para instalações em circuito de consumo",C,27,273,27325
2733300,"Fabricação de fios, cabos e condutores elétricos isolados",C,27,273,27333
2740601,"Fabricação de lâmpadas",C,27,274,27406
2740602,"Fabricação de luminárias e outros equipamentos de iluminação",C,27,274,27406
2751100,"Fabricação de fogões, refrigeradores e máquinas de lavar e secar para uso doméstico, peças e acessórios",C,27,275,27511
2759701,"Fabricação de aparelhos elétricos de uso pessoal, peças e acessórios",C,27,275,27597
2759799,"Fabricação de outros aparelhos eletrodomésticos não especificados anteriormente, peças e acessórios",C,27,275,27597
2790201,"Fabricação de eletrodos, contatos e outros artigos de carvão e grafita para uso elétrico, eletroímãs e isoladores",C,27,279,27902
2790202,"Fabricação de equipamentos para sinalização e alarme",C,27,279,27902
2790299,"Fabricação de outros equipamentos e aparelhos elétricos não especificados anteriormente",C,27,279,27902
2811900,"Fabricação de motores e turbinas, peças e acessórios, exceto para aviões e veículos rodoviários",C,28,281,28119
2812700,"Fabricação de equipamentos hidráulicos e pneumáticos, peças e acessórios, exceto válvulas",C,28,281,28127
2813500,"Fabricação de válvulas, registros e dispositivos semelhantes, peças e acessórios",C,28,281,28135
2814301,"Fabricação de compressores para uso industrial, peças e acessórios",C,28,281,28143
2814302,"Fabricação de compressores para uso não industrial, peças e acessórios",C,28,281,28143
2815101,"Fabricação de rolamentos para fins industriais",C,28,281,28151
2815102,"Fabricação de equipamentos de transmissão para fins industriais, exceto rolamentos",C,28,281,28151
2821601,"Fabricação de fornos industriais, aparelhos e equipamentos não elétricos para instalações térmicas, peças e acessórios",C,28,282,28216
2821602,"Fabricação de estufas e fornos elétricos para fins industriais, peças e acessórios",C,28,282,28216
2822401,"Fabricação de máquinas, equipamentos e aparelhos para transporte e elevação de pessoas, peças e acessórios",C,28,282,28224
2822402,"Fabricação de máquinas, equipamentos e aparelhos para transporte e elevação de cargas, peças e acessórios",C,28,282,28224
2823200,"Fabricação de máquinas e aparelhos de refrigeração e ventilação para uso industrial e comercial, peças e acessórios",C,28,282,28232
2824101,"Fabricação de aparelhos e equipamentos de ar condicionado para uso industrial",C,28,282,28241
2824102,"Fabricação de aparelhos e equipamentos de ar condicionado para uso não industrial",C,28,282,28241
2825900,"Fabricação de máquinas e equipamentos para saneamento básico e ambiental, peças e acessórios",C,28,282,28259
2829101,"Fabricação de máquinas de escrever, calcular e outros equipamentos não eletrônicos para escritório, peças e acessórios",C,28,282,28291
2829199,"Fabricação de outras máquinas e equipamentos de uso geral não especificados anteriormente, peças e acessórios",C,28,282,28291
2831300,"Fabricação de tratores agrícolas, peças e acessórios",C,28,283,28313
2832100,"Fabricação de equipamentos para irrigação agrícola, peças e acessórios",C,28,283,28321
2833000,"Fabricação de máquinas e equipamentos para a agricultura e pecuária, peças e acessórios, exceto para irrigação",C,28,283,28330
2840200,"Fabricação de máquinas ferramenta, peças e acessórios",C,28,284,28402
2851800,"Fabricação de máquinas e equipamentos para a prospecção e extração de petróleo, peças e acessórios",C,28,285,28518
2852600,"Fabricação de outras máquinas e equipamentos para uso na extração mineral, peças e acessórios, exceto na extração de petróleo",C,28,285,28526
2853400,"Fabricação de tratores, peças e acessórios, exceto agrícolas",C,28,285,28534
2854200,"Fabricação de máquinas e equipamentos para terraplenagem, pavimentação e construção, peças e acessórios, exceto tratores",C,28,285,28542
2861500,"Fabricação de máquinas para a indústria metalúrgica, peças e acessórios, exceto máquinas ferramenta",C,28,286,28615
2862300,"Fabricação de máquinas e equipamentos para as indústrias de alimentos, bebidas e fumo, peças e acessórios",C,28,286,28623
2863100,"Fabricação de máquinas e equipamentos para a indústria têxtil, peças e acessórios",C,28,286,28631
2864000,"Fabricação de máquinas e equipamentos para as indústrias do vestuário, do couro e de calçados, peças e acessórios",C,28,286,28640
2865800,"Fabricação de máquinas e equipamentos para as indústrias de celulose, papel e papelão e artefatos, peças e acessórios",C,28,286,28658
2866600,"Fabricação de máquinas e equipamentos para a indústria do plástico, peças e acessórios",C,28,286,28666
2869100,"Fabricação de máquinas e equipamentos para uso industrial específico não especificados anteriormente, peças e acessórios",C,28,286,28691
2910701,"Fabricação de automóveis, camionetas e utilitários",C,29,291,29107
2910702,"Fabricação de chassis com motor para automóveis, camionetas e utilitários",C,29,291,29107
2910703,"Fabricação de motores para automóveis, camionetas e utilitários",C,29,291,29107
2920401,"Fabricação de caminhões e ônibus",C,29,292,29204
2920402,"Fabricação de motores para caminhões e ônibus",C,29,292,29204
2930101,"Fabricação de cabines, carrocerias e reboques para caminhões",C,29,293,29301
2930102,"Fabricação de carrocerias para ônibus",C,29,293,29301
2930103,"Fabricação de cabines, carrocerias e reboques para outros veículos automotores, exceto caminhões e ônibus",C,29,293,29301
2941700,"Fabricação de peças e acessórios para o sistema motor de veículos automotores",C,29,294,29417
2942500,"Fabricação de peças e acessórios para os sistemas de marcha e transmissão de veículos automotores",C,29,294,29425
2943300,"Fabricação de peças e acessórios para o sistema de freios de veículos automotores",C,29,294,29433
2944100,"Fabricação de peças e acessórios para o sistema de direção e suspensão de veículos automotores",C,29,294,29441
2945000,"Fabricação de material elétrico e eletrônico para veículos automotores, exceto baterias",C,29,294,29450
2949201,"Fabricação de bancos e estofados para veículos automotores",C,29,294,29492
2949299,"Fabricação de outras peças e acessórios para veículos automotores não especificadas anteriormente",C,29,294,29492
2950600,"Recondicionamento e recuperação de motores para veículos automotores",C,29,295,29506
3011301,"Construção de embarcações de grande porte",C,30,301,30113
3011302,"Construção de embarcações para uso comercial e para usos especiais, exceto de grande porte",C,30,301,30113
3012100,"Construção de embarcações para esporte e lazer",C,30,301,30121
3031800,"Fabricação de locomotivas, vagões e outros materiais rodantes",C,30,303,30318
3032600,"Fabricação de peças e acessórios para veículos ferroviários",C,30,303,30326
3041500,"Fabricação de aeronaves",C,30,304,30415
3042300,"Fabricação de turbinas, motores e outros componentes e peças para aeronaves",C,30,304,30423
3050400,"Fabricação de veículos militares de combate",C,30,305,30504
3091101,"Fabricação de motocicletas",C,30,309,30911
3091102,"Fabricação de peças e acessórios para motocicletas",C,30,309,30911
3092000,"Fabricação de bicicletas e triciclos não motorizados, peças e acessórios",C,30,309,30920
3099700,"Fabricação de equipamentos de transporte não especificados anteriormente",C,30,309,30997
3101200,"Fabricação de móveis com predominância de madeira",C,31,310,31012
3102100,"Fabricação de móveis com predominância de metal",C,31,310,31021
3103900,"Fabricação de móveis de outros materiais, exceto madeira e metal",C,31,310,31039
3104700,"Fabricação de colchões",C,31,310,31047
3211601,"Lapidação de gemas",C,32,321,32116
3211602,"Fabricação de artefatos de joalheria e ourivesaria",C,32,321,32116
3211603,"Cunhagem de moedas e medalhas",C,32,321,32116
3212400,"Fabricação de bijuterias e artefatos semelhantes",C,32,321,32124
3220500,"Fabricação de instrumentos musicais, peças e acessórios",C,32,322,32205
3230200,"Fabricação de artefatos para pesca e esporte",C,32,323,32302
3240001,"Fabricação de jogos eletrônicos",C,32,324,32400
3240002,"Fabricação de mesas de bilhar, de sinuca e acessórios não associada à locação",C,32,324,32400
3240003,"Fabricação de mesas de bilhar, de sinuca e acessórios associada à locação",C,32,324,32400
3240099,"Fabricação de outros brinquedos e jogos recreativos não especificados anteriormente",C,32,324,32400
3250701,"Fabricação de instrumentos não eletrônicos e utensílios para uso médico, cirúrgico, odontológico e de laboratório",C,32,325,32507
3250702,"Fabricação de mobiliário para uso médico, cirúrgico, odontológico e de laboratório",C,32,325,32507
3250703,"Fabricação de aparelhos e utensílios para correção de defeitos físicos e aparelhos ortopédicos em geral sob encomenda",C,32,325,32507
3250704,"Fabricação de aparelhos e utensílios para correção de defeitos físicos e aparelhos ortopédicos em geral, exceto sob encomenda",C,32,325,32507
3250705,"Fabricação de materiais para medicina e odontologia",C,32,325,32507
3250706,"Serviços de prótese dentária",C,32,325,32507
3250707,"Fabricação de artigos ópticos",C,32,325,32507
3250709,"Serviço de laboratório óptico",C,32,325,32507
3291400,"Fabricação de escovas, pincéis e vassouras",C,32,329,32914
3292201,"Fabricação de roupas de proteção e segurança e resistentes a fogo",C,32,329,32922
3292202,"Fabricação de equipamentos e acessórios para segurança pessoal e profissional",C,32,329,32922
3299001,"Fabricação de guarda chuvas e similares",C,32,329,32990
3299002,"Fabricação de canetas, lápis e outros artigos para escritório",C,32,329,32990
3299003,"Fabricação de letras, letreiros e placas de qualquer material, exceto luminosos",C,32,329,32990
3299004,"Fabricação de painéis e letreiros luminosos",C,32,329,32990
3299005,"Fabricação de aviamentos para costura",C,32,329,32990
3299006,"Fabricação de velas, inclusive decorativas",C,32,329,32990
3299099,"Fabricação de produtos diversos não especificados anteriormente",C,32,329,32990
3311200,"Manutenção e reparação de tanques, reservatórios metálicos e caldeiras, exceto para veículos",C,33,331,33112
3312102,"Manutenção e reparação de aparelhos e instrumentos de medida, teste e controle",C,33,331,33121
3312103,"Manutenção e reparação de aparelhos eletromédicos e eletroterapêuticos e equipamentos de irradiação",C,33,331,33121
3312104,"Manutenção e reparação de equipamentos e instrumentos ópticos",C,33,331,33121
3313901,"Manutenção e reparação de geradores, transformadores e motores elétricos",C,33,331,33139
3313902,"Manutenção e reparação de baterias e acumuladores elétricos, exceto para veículos",C,33,331,33139
3313999,"Manutenção e reparação de máquinas, aparelhos e materiais elétricos não especificados anteriormente",C,33,331,33139
3314701,"Manutenção e reparação de máquinas motrizes não elétricas",C,33,331,33147
3314702,"Manutenção e reparação de equipamentos hidráulicos e pneumáticos, exceto válvulas",C,33,331,33147
3314703,"Manutenção e reparação de válvulas industriais",C,33,331,33147
3314704,"Manutenção e reparação de compressores",C,33,331,33147
3314705,"Manutenção e reparação de equipamentos de transmissão para fins industriais",C,33,331,33147
3314706,"Manutenção e reparação de máquinas, aparelhos e equipamentos para instalações térmicas",C,33,331,33147
3314707,"Manutenção e reparação de máquinas e aparelhos de refrigeração e ventilação para uso industrial e comercial",C,33,331,33147
3314708,"Manutenção e reparação de máquinas, equipamentos e aparelhos para transporte e elevação de cargas",C,33,331,33147
3314709,"Manutenção e reparação de máquinas de escrever, calcular e de outros equipamentos não eletrônicos para escritório",C,33,331,33147
3314710,"Manutenção e reparação de máquinas e equipamentos para uso geral não especificados anteriormente",C,33,331,33147
3314711,"Manutenção e reparação de máquinas e equipamentos para agricultura e pecuária",C,33,331,33147
3314712,"Manutenção e reparação de tratores agrícolas",C,33,331,33147
3314713,"Manutenção e reparação de máquinas ferramenta",C,33,331,33147
3314714,"Manutenção e reparação de máquinas e equipamentos para a prospecção e extração de petróleo",C,33,331,33147
3314715,"Manutenção e reparação de máquinas e equipamentos para uso na extração mineral, exceto na extração de petróleo",C,33,331,33147
3314716,"Manutenção e reparação de tratores, exceto agrícolas",C,33,331,33147
3314717,"Manutenção e reparação de máquinas e equipamentos de terraplenagem, pavimentação e construção, exceto tratores",C,33,331,33147
3314718,"Manutenção e reparação de máquinas para a indústria metalúrgica, exceto máquinas ferramenta",C,33,331,33147
3314719,"Manutenção e reparação de máquinas e equipamentos para as indústrias de alimentos, bebidas e fumo",C,33,331,33147
3314720,"Manutenção e reparação de máquinas e equipamentos para a indústria têxtil, do vestuário, do couro e calçados",C,33,331,33147
3314721,"Manutenção e reparação de máquinas e aparelhos para a indústria de celulose, papel e papelão e artefatos",C,33,331,33147
3314722,"Manutenção e reparação de máquinas e aparelhos para a indústria do plástico",C,33,331,33147
3314799,"Manutenção e reparação de outras máquinas e equipamentos para usos industriais não especificados anteriormente",C,33,331,33147
3315500,"Manutenção e reparação de veículos ferroviários",C,33,331,33155
3316301,"Manutenção e reparação de aeronaves, exceto a manutenção na pista",C,33,331,33163
3316302,"Manutenção de aeronaves na pista",C,33,331,33163
3317101,"Manutenção e reparação de embarcações e estruturas flutuantes",C,33,331,33171
3317102,"Manutenção e reparação de embarcações para esporte e lazer",C,33,331,33171
3319800,"Manutenção e reparação de equipamentos e produtos não especificados anteriormente",C,33,331,33198
3321000,"Instalação de máquinas e equipamentos industriais",C,33,332,33210
3329501,"Serviços de montagem de móveis de qualquer material",C,33,332,33295
3329599,"Instalação de outros equipamentos não especificados anteriormente",C,33,332,33295
3511501,"Geração de energia elétrica",D,35,351,35115
3511502,"Atividades de coordenação e controle da operação da geração e transmissão de energia elétrica",D,35,351,35115
3512300,"Transmissão de energia elétrica",D,35,351,35123
3513100,"Comércio atacadista de energia elétrica",D,35,351,35131
3514000,"Distribuição de energia elétrica",D,35,351,35140
3520401,"Produção de gás; processamento de gás natural",D,35,352,35204
3520402,"Distribuição de combustíveis gasosos por redes urbanas",D,35,352,35204
3530100,"Produção e distribuição de vapor, água quente e ar condicionado",D,35,353,35301
3600601,"Captação, tratamento e distribuição de água",E,36,360,36006
3600602,"Distribuição de água por caminhões",E,36,360,36006
3701100,"Gestão de redes de esgoto",E,37,370,37011
3702900,"Atividades relacionadas a esgoto, exceto a gestão de redes",E,37,370,37029
3811400,"Coleta de resíduos não perigosos",E,38,381,38114
3812200,"Coleta de resíduos perigosos",E,38,381,38122
3821100,"Tratamento e disposição de resíduos não perigosos",E,38,382,38211
3822000,"Tratamento e disposição de resíduos perigosos",E,38,382,38220
3831901,"Recuperação de sucatas de alumínio",E,38,383,38319
3831999,"Recuperação de materiais metálicos, exceto alumínio",E,38,383,38319
3832700,"Recuperação de materiais plásticos",E,38,383,38327
3839401,"Usinas de compostagem",E,38,383,38394
3839499,"Recuperação de materiais não especificados anteriormente",E,38,383,38394
3900500,"Descontaminação e outros serviços de gestão de resíduos",E,39,390,39005
4110700,"Incorporação de empreendimentos imobiliários",F,41,411,41107
4120400,"Construção de edifícios",F,41,412,41204
4211101,"Construção de rodovias e ferrovias",F,42,421,42111
4211102,"Pintura para sinalização em pistas rodoviárias e aeroportos",F,42,421,42111
4212000,"Construção de obras de arte especiais",F,42,421,42120
4213800,"Obras de urbanização - ruas, praças e calçadas",F,42,421,42138
4221901,"Construção de barragens e represas para geração de energia elétrica",F,42,422,42219
4221902,"Construção de estações e redes de distribuição de energia elétrica",F,42,422,42219
4221903,"Manutenção de redes de distribuição de energia elétrica",F,42,422,42219
4221904,"Construção de estações e redes de telecomunicações",F,42,422,42219
4221905,"Manutenção de estações e redes de telecomunicações",F,42,422,42219
4222701,"Construção de redes de abastecimento de água, coleta de esgoto e construções correlatas, exceto obras de irrigação",F,42,422,42227
4222702,"Obras de irrigação",F,42,422,42227
4223500,"Construção de redes de transportes por dutos, exceto para água e esgoto",F,42,422,42235
4291000,"Obras portuárias, marítimas e fluviais",F,42,429,42910
4292801,"Montagem de estruturas metálicas",F,42,429,42928
4292802,"Obras de montagem industrial",F,42,429,42928
4299501,"Construção de instalações esportivas e recreativas",F,42,429,42995
4299599,"Outras obras de engenharia civil não especificadas anteriormente",F,42,429,42995
4311801,"Demolição de edifícios e outras estruturas",F,43,431,43118
4311802,"Preparação de canteiro e limpeza de terreno",F,43,431,43118
4312600,"Perfurações e sondagens",F,43,431,43126
4313400,"Obras de terraplenagem",F,43,431,43134
4319300,"Serviços de preparação do terreno não especificados anteriormente",F,43,431,43193
4321500,"Instalação e manutenção elétrica",F,43,432,43215
4322301,"Instalações hidráulicas, sanitárias e de gás",F,43,432,43223
4322302,"Instalação e manutenção de sistemas centrais de ar condicionado, de ventilação e refrigeração",F,43,432,43223
4322303,"Instalações de sistema de prevenção contra incêndio",F,43,432,43223
4329101,"Instalação de painéis publicitários",F,43,432,43291
4329102,"Instalação de equipamentos para orientação à navegação marítima fluvial e lacustre",F,43,432,43291
4329103,"Instalação, manutenção e reparação de elevadores, escadas e esteiras rolantes",F,43,432,43291
4329104,"Montagem e instalação de sistemas e equipamentos de iluminação e sinalização em vias públicas, portos e aeroportos",F,43,432,43291
4329105,"Tratamentos térmicos, acústicos ou de vibração",F,43,432,43291
4329199,"Outras obras de instalações em construções não especificadas anteriormente",F,43,432,43291
4330401,"Impermeabilização em obras de engenharia civil",F,43,433,43304
4330402,"Instalação de portas, janelas, tetos, divisórias e armários embutidos de qualquer material",F,43,433,43304
4330403,"Obras de acabamento em gesso e estuque",F,43,433,43304
4330404,"Serviços de pintura de edifícios em geral",F,43,433,43304
4330405,"Aplicação de revestimentos e de resinas em interiores e exteriores",F,43,433,43304
4330499,"Outras obras de acabamento da construção",F,43,433,43304
4391600,"Obras de fundações",F,43,439,43916
4399101,"Administração de obras",F,43,439,43991
4399102,"Montagem e desmontagem de andaimes e outras estruturas temporárias",F,43,439,43991
4399103,"Obras de alvenaria",F,43,439,43991
4399104,"Serviços de operação e fornecimento de equipamentos para transporte e elevação de cargas e pessoas para uso em obras",F,43,439,43991
4399105,"Perfuração e construção de poços de água",F,43,439,43991
4399199,"Serviços especializados para construção não especificados anteriormente",F,43,439,43991
4511101,"Comércio a varejo de automóveis, camionetas e utilitários novos",G,45,451,45111
4511102,"Comércio a varejo de automóveis, camionetas e utilitários usados",G,45,451,45111
4511103,"Comércio por atacado de automóveis, camionetas e utilitários novos e usados",G,45,451,45111
4511104,"Comércio por atacado de caminhões novos e usados",G,45,451,45111
4511105,"Comércio por atacado de reboques e semi reboques novos e usados",G,45,451,45111
4511106,"Comércio por atacado de ônibus e microônibus novos e usados",G,45,451,45111
4512901,"Representantes comerciais e agentes do comércio de veículos automotores",G,45,451,45129
4512902,"Comércio sob consignação de veículos automotores",G,45,451,45129
4520001,"Serviços de manutenção e reparação mecânica de veículos automotores",G,45,452,45200
4520002,"Serviços de lanternagem ou funilaria e pintura de veículos automotores",G,45,452,45200
4520003,"Serviços de manutenção e reparação elétrica de veículos automotores",G,45,452,45200
4520004,"Serviços de alinhamento e balanceamento de veículos automotores",G,45,452,45200
4520005,"Serviços de lavagem, lubrificação e polimento de veículos automotores",G,45,452,45200
4520006,"Serviços de borracharia para veículos automotores",G,45,452,45200
4520007,"Serviços de instalação, manutenção e reparação de acessórios para veículos automotores",G,45,452,45200
4520008,"Serviços de capotaria",G,45,452,45200
4530701,"Comércio por atacado de peças e acessórios novos para veículos automotores",G,45,453,45307
4530702,"Comércio por atacado de pneumáticos e câmaras de ar",G,45,453,45307
4530703,"Comércio a varejo de peças e acessórios novos para veículos automotores",G,45,453,45307
4530704,"Comércio a varejo de peças e acessórios usados para veículos automotores",G,45,453,45307
4530705,"Comércio a varejo de pneumáticos e câmaras de ar",G,45,453,45307
4530706,"Representantes comerciais e agentes do comércio de peças e acessórios novos e usados para veículos automotores",G,45,453,45307
4541201,"Comércio por atacado de motocicletas e motonetas",G,45,454,45412
4541202,"Comércio por atacado de peças e acessórios para motocicletas e motonetas",G,45,454,45412
4541203,"Comércio a varejo de motocicletas e motonetas novas",G,45,454,45412
4541204,"Comércio a varejo de motocicletas e motonetas usadas",G,45,454,45412
4541206,"Comércio a varejo de peças e acessórios novos para motocicletas e motonetas",G,45,454,45412
4541207,"Comércio a varejo de peças e acessórios usados para motocicletas e motonetas",G,45,454,45412
4542101,"Representantes comerciais e agentes do comércio de motocicletas e motonetas, peças e acessórios",G,45,454,45421
4542102,"Comércio sob consignação de motocicletas e motonetas",G,45,454,45421
4543900,"Manutenção e reparação de motocicletas e motonetas",G,45,454,45439
4611700,"Representantes comerciais e agentes do comércio de matérias primas agrícolas e animais vivos",G,46,461,46117
4612500,"Representantes comerciais e agentes do comércio de combustíveis, minerais, produtos siderúrgicos e químicos",G,46,461,46125
4613300,"Representantes comerciais e agentes do comércio de madeira, material de construção e ferragens",G,46,461,46133
4614100,"Representantes comerciais e agentes do comércio de máquinas, equipamentos, embarcações e aeronaves",G,46,461,46141
4615000,"Representantes comerciais e agentes do comércio de eletrodomésticos, móveis e artigos de uso doméstico",G,46,461,46150
4616800,"Representantes comerciais e agentes do comércio de têxteis, vestuário, calçados e artigos de viagem",G,46,461,46168
4617600,"Representantes comerciais e agentes do comércio de produtos alimentícios, bebidas e fumo",G,46,461,46176
4618401,"Representantes comerciais e agentes do comércio de medicamentos, cosméticos e produtos de perfumaria",G,46,461,46184
4618402,"Representantes comerciais e agentes do comércio de instrumentos e materiais odonto médico hospitalares",G,46,461,46184
4618403,"Representantes comerciais e agentes do comércio de jornais, revistas e outras publicações",G,46,461,46184
4618499,"Outros representantes comerciais e agentes do comércio especializado em produtos não especificados anteriormente",G,46,461,46184
4619200,"Representantes comerciais e agentes do comércio de mercadorias em geral não especializado",G,46,461,46192
4621400,"Comércio atacadista de café em grão",G,46,462,46214
4622200,"Comércio atacadista de soja",G,46,462,46222
4623101,"Comércio atacadista de animais vivos",G,46,462,46231
4623102,"Comércio atacadista de couros, lãs, peles e outros subprodutos não comestíveis de origem animal",G,46,462,46231
4623103,"Comércio atacadista de algodão",G,46,462,46231
4623104,"Comércio atacadista de fumo em folha não beneficiado",G,46,462,46231
4623105,"Comércio atacadista de cacau",G,46,462,46231
4623106,"Comércio atacadista de sementes, flores, plantas e gramas",G,46,462,46231
4623107,"Comércio atacadista de sisal",G,46,462,46231
4623108,"Comércio atacadista de matérias primas agrícolas com atividade de fracionamento e acondicionamento associada",G,46,462,46231
4623109,"Comércio atacadista de alimentos para animais",G,46,462,46231
4623199,"Comércio atacadista de matérias primas agrícolas não especificadas anteriormente",G,46,462,46231
4631100,"Comércio atacadista de leite e laticínios",G,46,463,46311
4632001,"Comércio atacadista de cereais e leguminosas beneficiados",G,46,463,46320
4632002,"Comércio atacadista de farinhas, amidos e féculas",G,46,463,46320
4632003,"Comércio atacadista de cereais e leguminosas beneficiados, farinhas, amidos e féculas, com atividade de fracionamento e acondicionamento associada",G,46,463,46320
4633801,"Comércio atacadista de frutas, verduras, raízes, tubérculos, hortaliças e legumes frescos",G,46,463,46338
4633802,"Comércio atacadista de aves vivas e ovos",G,46,463,46338
4633803,"Comércio atacadista de coelhos e outros pequenos animais vivos para alimentação",G,46,463,46338
4634601,"Comércio atacadista de carnes bovinas e suínas e derivados",G,46,463,46346
4634602,"Comércio atacadista de aves abatidas e derivados",G,46,463,46346
4634603,"Comércio atacadista de pescados e frutos do mar",G,46,463,46346
4634699,"Comércio atacadista de carnes e derivados de outros animais",G,46,463,46346
4635401,"Comércio atacadista de água mineral",G,46,463,46354
4635402,"Comércio atacadista de cerveja, chope e refrigerante",G,46,463,46354
4635403,"Comércio atacadista de bebidas com atividade de fracionamento e acondicionamento associada",G,46,463,46354
4635499,"Comércio atacadista de bebidas não especificadas anteriormente",G,46,463,46354
4636201,"Comércio atacadista de fumo beneficiado",G,46,463,46362
4636202,"Comércio atacadista de cigarros, cigarrilhas e charutos",G,46,463,46362
4637101,"Comércio atacadista de café torrado, moído e solúvel",G,46,463,46371
4637102,"Comércio atacadista de açúcar",G,46,463,46371
4637103,"Comércio atacadista de óleos e gorduras",G,46,463,46371
4637104,"Comércio atacadista de pães, bolos, biscoitos e similares",G,46,463,46371
4637105,"Comércio atacadista de massas alimentícias",G,46,463,46371
4637106,"Comércio atacadista de sorvetes",G,46,463,46371
4637107,"Comércio atacadista de chocolates, confeitos, balas, bombons e semelhantes",G,46,463,46371
4637199,"Comércio atacadista especializado em outros produtos alimentícios não especificados anteriormente",G,46,463,46371
4639701,"Comércio atacadista de produtos alimentícios em geral",G,46,463,46397
4639702,"Comércio atacadista de produtos alimentícios em geral, com atividade de fracionamento e acondicionamento associada",G,46,463,46397
4641901,"Comércio atacadista de tecidos",G,46,464,46419
4641902,"Comércio atacadista de artigos de cama, mesa e banho",G,46,464,46419
4641903,"Comércio atacadista de artigos de armarinho",G,46,464,46419
4642701,"Comércio atacadista de artigos do vestuário e acessórios, exceto profissionais e de segurança",G,46,464,46427
4642702,"Comércio atacadista de roupas e acessórios para uso profissional e de segurança do trabalho",G,46,464,46427
4643501,"Comércio atacadista de calçados",G,46,464,46435
4643502,"Comércio atacadista de bolsas, malas e artigos de viagem",G,46,464,46435
4644301,"Comércio atacadista de medicamentos e drogas de uso humano",G,46,464,46443
4644302,"Comércio atacadista de medicamentos e drogas de uso veterinário",G,46,464,46443
4645101,"Comércio atacadista de instrumentos e materiais para uso médico, cirúrgico, hospitalar e de laboratórios",G,46,464,46451
4645102,"Comércio atacadista de próteses e artigos de ortopedia",G,46,464,46451
4645103,"Comércio atacadista de produtos odontológicos",G,46,464,46451
4646001,"Comércio atacadista de cosméticos e produtos de perfumaria",G,46,464,46460
4646002,"Comércio atacadista de produtos de higiene pessoal",G,46,464,46460
4647801,"Comércio atacadista de artigos de escritório e de papelaria",G,46,464,46478
4647802,"Comércio atacadista de livros, jornais e outras publicações",G,46,464,46478
4649401,"Comércio atacadista de equipamentos elétricos de uso pessoal e doméstico",G,46,464,46494
4649402,"Comércio atacadista de aparelhos eletrônicos de uso pessoal e doméstico",G,46,464,46494
4649403,"Comércio atacadista de bicicletas, triciclos e outros veículos recreativos",G,46,464,46494
4649404,"Comércio atacadista de móveis e artigos de colchoaria",G,46,464,46494
4649405,"Comércio atacadista de artigos de tapeçaria; persianas e cortinas",G,46,464,46494
4649406,"Comércio atacadista de lustres, luminárias e abajures",G,46,464,46494
4649407,"Comércio atacadista de filmes, cds, dvds, fitas e discos",G,46,464,46494
4649408,"Comércio atacadista de produtos de higiene, limpeza e conservação domiciliar",G,46,464,46494
4649409,"Comércio atacadista de produtos de higiene, limpeza e conservação domiciliar, com atividade de fracionamento e acondicionamento associada",G,46,464,46494
4649410,"Comércio atacadista de jóias, relógios e bijuterias, inclusive pedras preciosas e semipreciosas lapidadas",G,46,464,46494
4649499,"Comércio atacadista de outros equipamentos e artigos de uso pessoal e doméstico não especificados anteriormente",G,46,464,46494
4651601,"Comércio atacadista de equipamentos de informática",G,46,465,46516
4651602,"Comércio atacadista de suprimentos para informática",G,46,465,46516
4652400,"Comércio atacadista de componentes eletrônicos e equipamentos de telefonia e comunicação",G,46,465,46524
4661300,"Comércio atacadista de máquinas, aparelhos e equipamentos para uso agropecuário; partes e peças",G,46,466,46613
4662100,"Comércio atacadista de máquinas, equipamentos para terraplenagem, mineração e construção; partes e peças",G,46,466,46621
4663000,"Comércio atacadista de máquinas e equipamentos para uso industrial; partes e peças",G,46,466,46630
4664800,"Comércio atacadista de máquinas, aparelhos e equipamentos para uso odonto médico hospitalar; partes e peças",G,46,466,46648
4665600,"Comércio atacadista de máquinas e equipamentos para uso comercial; partes e peças",G,46,466,46656
4669901,"Comércio atacadista de bombas e compressores; partes e peças",G,46,466,46699
4669999,"Comércio atacadista de outras máquinas e equipamentos não especificados anteriormente; partes e peças",G,46,466,46699
4671100,"Comércio atacadista de madeira e produtos derivados",G,46,467,46711
4672900,"Comércio atacadista de ferragens e ferramentas",G,46,467,46729
4673700,"Comércio atacadista de material elétrico",G,46,467,46737
4674500,"Comércio atacadista de cimento",G,46,467,46745
4679601,"Comércio atacadista de tintas, vernizes e similares",G,46,467,46796
4679602,"Comércio atacadista de mármores e granitos",G,46,467,46796
4679603,"Comércio atacadista de vidros, espelhos e vitrais",G,46,467,46796
4679604,"Comércio atacadista especializado de materiais de construção não especificados anteriormente",G,46,467,46796
4679699,"Comércio atacadista de materiais de construção em geral",G,46,467,46796
4681801,"Comércio atacadista de álcool carburante, biodiesel, gasolina e demais derivados de petróleo, exceto lubrificantes, não realizado por transportador retalhista (t.r.r.)",G,46,468,46818
4681802,"Comércio atacadista de combustíveis realizado por transportador retalhista (t.r.r.)",G,46,468,46818
4681803,"Comércio atacadista de combustíveis de origem vegetal, exceto álcool carburante",G,46,468,46818
4681804,"Comércio atacadista de combustíveis de origem mineral em bruto",G,46,468,46818
4681805,"Comércio atacadista de lubrificantes",G,46,468,46818
4682600,"Comércio atacadista de gás liqüefeito de petróleo (glp)",G,46,468,46826
4683400,"Comércio atacadista de defensivos agrícolas, adubos, fertilizantes e corretivos do solo",G,46,468,46834
4684201,"Comércio atacadista de resinas e elastômeros",G,46,468,46842
4684202,"Comércio atacadista de solventes",G,46,468,46842
4684299,"Comércio atacadista de outros produtos químicos e petroquímicos não especificados anteriormente",G,46,468,46842
4685100,"Comércio atacadista de produtos siderúrgicos e metalúrgicos, exceto para construção",G,46,468,46851
4686901,"Comércio atacadista de papel e papelão em bruto",G,46,468,46869
4686902,"Comércio atacadista de embalagens",G,46,468,46869
4687701,"Comércio atacadista de resíduos de papel e papelão",G,46,468,46877
4687702,"Comércio atacadista de resíduos e sucatas não metálicos, exceto de papel e papelão",G,46,468,46877
4687703,"Comércio atacadista de resíduos e sucatas metálicos",G,46,468,46877
4689301,"Comércio atacadista de produtos da extração mineral, exceto combustíveis",G,46,468,46893
4689302,"Comércio atacadista de fios e fibras beneficiados",G,46,468,46893
4689399,"Comércio atacadista especializado em outros produtos intermediários não especificados anteriormente",G,46,468,46893
4691500,"Comércio atacadista de mercadorias em geral, com predominância de produtos alimentícios",G,46,469,46915
4692300,"Comércio atacadista de mercadorias em geral, com predominância de insumos agropecuários",G,46,469,46923
4693100,"Comércio atacadista de mercadorias em geral, sem predominância de alimentos ou de insumos agropecuários",G,46,469,46931
4711301,"Comércio varejista de mercadorias em geral, com predominância de produtos alimentícios   hipermercados",G,47,471,47113
4711302,"Comércio varejista de mercadorias em geral, com predominância de produtos alimentícios - supermercados",G,47,471,47113
4712100,"Comércio varejista de mercadorias em geral, com predominância de produtos alimentícios - minimercados, mercearias e armazéns",G,47,471,47121
4713002,"Lojas de variedades, exceto lojas de departamentos ou magazines",G,47,471,47130
4713004,"Lojas de departamentos ou magazines, exceto lojas francas (duty free)",G,47,471,47130
4713005,"Lojas francas (duty free) de aeroportos, portos e em fronteiras terrestres",G,47,471,47130
4721102,"Padaria e confeitaria com predominância de revenda",G,47,472,47211
4721103,"Comércio varejista de laticínios e frios",G,47,472,47211
4721104,"Comércio varejista de doces, balas, bombons e semelhantes",G,47,472,47211
4722901,"Comércio varejista de carnes - açougues",G,47,472,47229
4722902,Peixaria,G,47,472,47229
4723700,"Comércio varejista de bebidas",G,47,472,47237
4724500,"Comércio varejista de hortifrutigranjeiros",G,47,472,47245
4729601,Tabacaria,G,47,472,47296
4729602,"Comércio varejista de mercadorias em lojas de conveniência",G,47,472,47296
4729699,"Comércio varejista de produtos alimentícios em geral ou especializado em produtos alimentícios não especificados anteriormente",G,47,472,47296
4731800,"Comércio varejista de combustíveis para veículos automotores",G,47,473,47318
4732600,"Comércio varejista de lubrificantes",G,47,473,47326
4741500,"Comércio varejista de tintas e materiais para pintura",G,47,474,47415
4742300,"Comércio varejista de material elétrico",G,47,474,47423
4743100,"Comércio varejista de vidros",G,47,474,47431
4744001,"Comércio varejista de ferragens e ferramentas",G,47,474,47440
4744002,"Comércio varejista de madeira e artefatos",G,47,474,47440
4744003,"Comércio varejista de materiais hidráulicos",G,47,474,47440
4744004,"Comércio varejista de cal, areia, pedra britada, tijolos e telhas",G,47,474,47440
4744005,"Comércio varejista de materiais de construção não especificados anteriormente",G,47,474,47440
4744006,"Comércio varejista de pedras para revestimento",G,47,474,47440
4744099,"Comércio varejista de materiais de construção em geral",G,47,474,47440
4751201,"Comércio varejista especializado de equipamentos e suprimentos de informática",G,47,475,47512
4751202,"Recarga de cartuchos para equipamentos de informática",G,47,475,47512
4752100,"Comércio varejista especializado de equipamentos de telefonia e comunicação",G,47,475,47521
4753900,"Comércio varejista especializado de eletrodomésticos e equipamentos de áudio e vídeo",G,47,475,47539
4754701,"Comércio varejista de móveis",G,47,475,47547
4754702,"Comércio varejista de artigos de colchoaria",G,47,475,47547
4754703,"Comércio varejista de artigos de iluminação",G,47,475,47547
4755501,"Comércio varejista de tecidos",G,47,475,47555
4755502,"Comercio varejista de artigos de armarinho",G,47,475,47555
4755503,"Comercio varejista de artigos de cama, mesa e banho",G,47,475,47555
4756300,"Comércio varejista especializado de instrumentos musicais e acessórios",G,47,475,47563
4757100,"Comércio varejista especializado de peças e acessórios para aparelhos eletroeletrônicos para uso doméstico, exceto informática e comunicação",G,47,475,47571
4759801,"Comércio varejista de artigos de tapeçaria, cortinas e persianas",G,47,475,47598
4759899,"Comércio varejista de outros artigos de uso pessoal e doméstico não especificados anteriormente",G,47,475,47598
4761001,"Comércio varejista de livros",G,47,476,47610
4761002,"Comércio varejista de jornais e revistas",G,47,476,47610
4761003,"Comércio varejista de artigos de papelaria",G,47,476,47610
4762800,"Comércio varejista de discos, cds, dvds e fitas",G,47,476,47628
4763601,"Comércio varejista de brinquedos e artigos recreativos",G,47,476,47636
4763602,"Comércio varejista de artigos esportivos",G,47,476,47636
4763603,"Comércio varejista de bicicletas e triciclos; peças e acessórios",G,47,476,47636
4763604,"Comércio varejista de artigos de caça, pesca e camping",G,47,476,47636
4763605,"Comércio varejista de embarcações e outros veículos recreativos; peças e acessórios",G,47,476,47636
4771701,"Comércio varejista de produtos farmacêuticos, sem manipulação de fórmulas",G,47,477,47717
4771702,"Comércio varejista de produtos farmacêuticos, com manipulação de fórmulas",G,47,477,47717
4771703,"Comércio varejista de produtos farmacêuticos homeopáticos",G,47,477,47717
4771704,"Comércio varejista de medicamentos veterinários",G,47,477,47717
4772500,"Comércio varejista de cosméticos, produtos de perfumaria e de higiene pessoal",G,47,477,47725
4773300,"Comércio varejista de artigos médicos e ortopédicos",G,47,477,47733
4774100,"Comércio varejista de artigos de óptica",G,47,477,47741
4781400,"Comércio varejista de artigos do vestuário e acessórios",G,47,478,47814
4782201,"Comércio varejista de calçados",G,47,478,47822
4782202,"Comércio varejista de artigos de viagem",G,47,478,47822
4783101,"Comércio varejista de artigos de joalheria",G,47,478,47831
4783102,"Comércio varejista de artigos de relojoaria",G,47,478,47831
4784900,"Comércio varejista de gás liqüefeito de petróleo (glp)",G,47,478,47849
4785701,"Comércio varejista de antigüidades",G,47,478,47857
4785799,"Comércio varejista de outros artigos usados",G,47,478,47857
4789001,"Comércio varejista de suvenires, bijuterias e artesanatos",G,47,478,47890
4789002,"Comércio varejista de plantas e flores naturais",G,47,478,47890
4789003,"Comércio varejista de objetos de arte",G,47,478,47890
4789004,"Comércio varejista de animais vivos e de artigos e alimentos para animais de estimação",G,47,478,47890
4789005,"Comércio varejista de produtos saneantes domissanitários",G,47,478,47890
4789006,"Comércio varejista de fogos de artifício e artigos pirotécnicos",G,47,478,47890
4789007,"Comércio varejista de equipamentos para escritório",G,47,478,47890
4789008,"Comércio varejista de artigos fotográficos e para filmagem",G,47,478,47890
4789009,"Comércio varejista de armas e munições",G,47,478,47890
4789099,"Comércio varejista de outros produtos não especificados anteriormente",G,47,478,47890
4911600,"Transporte ferroviário de carga",H,49,491,49116
4912401,"Transporte ferroviário de passageiros intermunicipal e interestadual",H,49,491,49124
4912402,"Transporte ferroviário de passageiros municipal e em região metropolitana",H,49,491,49124
4912403,"Transporte metroviário",H,49,491,49124
4921301,"Transporte rodoviário coletivo de passageiros, com itinerário fixo, municipal",H,49,492,49213
4921302,"Transporte rodoviário coletivo de passageiros, com itinerário fixo, intermunicipal em região metropolitana",H,49,492,49213
4922101,"Transporte rodoviário coletivo de passageiros, com itinerário fixo, intermunicipal, exceto em região metropolitana",H,49,492,49221
4922102,"Transporte rodoviário coletivo de passageiros, com itinerário fixo, interestadual",H,49,492,49221
4922103,"Transporte rodoviário coletivo de passageiros, com itinerário fixo, internacional",H,49,492,49221
4923001,"Serviço de táxi",H,49,492,49230
4923002,"Serviço de transporte de passageiros - locação de automóveis com motorista",H,49,492,49230
4924800,"Transporte escolar",H,49,492,49248
4929901,"Transporte rodoviário coletivo de passageiros, sob regime de fretamento, municipal",H,49,492,49299
4929902,"Transporte rodoviário coletivo de passageiros, sob regime de fretamento, intermunicipal, interestadual e internacional",H,49,492,49299
4929903,"Organização de excursões em veículos rodoviários próprios, municipal",H,49,492,49299
4929904,"Organização de excursões em veículos rodoviários próprios, intermunicipal, interestadual e internacional",H,49,492,49299
4929999,"Outros transportes rodoviários de passageiros não especificados anteriormente",H,49,492,49299
4930201,"Transporte rodoviário de carga, exceto produtos perigosos e mudanças, municipal",H,49,493,49302
4930202,"Transporte rodoviário de carga, exceto produtos perigosos e mudanças, intermunicipal, interestadual e internacional",H,49,493,49302
4930203,"Transporte rodoviário de produtos perigosos",H,49,493,49302
4930204,"Transporte rodoviário de mudanças",H,49,493,49302
4940000,"Transporte dutoviário",H,49,494,49400
4950700,"Trens turísticos, teleféricos e similares",H,49,495,49507
5011401,"Transporte marítimo de cabotagem - carga",H,50,501,50114
5011402,"Transporte marítimo de cabotagem - passageiros",H,50,501,50114
5012201,"Transporte marítimo de longo curso - carga",H,50,501,50122
5012202,"Transporte marítimo de longo curso - passageiros",H,50,501,50122
5021101,"Transporte por navegação interior de carga, municipal, exceto travessia",H,50,502,50211
5021102,"Transporte por navegação interior de carga, intermunicipal, interestadual e internacional, exceto travessia",H,50,502,50211
5022001,"Transporte por navegação interior de passageiros em linhas regulares, municipal, exceto travessia",H,50,502,50220
5022002,"Transporte por navegação interior de passageiros em linhas regulares, intermunicipal, interestadual e internacional, exceto travessia",H,50,502,50220
5030101,"Navegação de apoio marítimo",H,50,503,50301
5030102,"Navegação de apoio portuário",H,50,503,50301
5030103,"Serviço de rebocadores e empurradores",H,50,503,50301
5091201,"Transporte por navegação de travessia, municipal",H,50,509,50912
5091202,"Transporte por navegação de travessia intermunicipal, interestadual e internacional",H,50,509,50912
5099801,"Transporte aquaviário para passeios turísticos",H,50,509,50998
5099899,"Outros transportes aquaviários não especificados anteriormente",H,50,509,50998
5111100,"Transporte aéreo de passageiros regular",H,51,511,51111
5112901,"Serviço de táxi aéreo e locação de aeronaves com tripulação",H,51,511,51129
5112999,"Outros serviços de transporte aéreo de passageiros não regular",H,51,511,51129
5120000,"Transporte aéreo de carga",H,51,512,51200
5130700,"Transporte espacial",H,51,513,51307
5211701,"Armazéns gerais - emissão de warrant",H,52,521,52117
5211702,"Guarda móveis",H,52,521,52117
5211799,"Depósitos de mercadorias para terceiros, exceto armazéns gerais e guarda móveis",H,52,521,52117
5212500,"Carga e descarga",H,52,521,52125
5221400,"Concessionárias de rodovias, pontes, túneis e serviços relacionados",H,52,522,52214
5222200,"Terminais rodoviários e ferroviários",H,52,522,52222
5223100,"Estacionamento de veículos",H,52,522,52231
5229001,"Serviços de apoio ao transporte por táxi, inclusive centrais de chamada",H,52,522,52290
5229002,"Serviços de reboque de veículos",H,52,522,52290
5229099,"Outras atividades auxiliares dos transportes terrestres não especificadas anteriormente",H,52,522,52290
5231101,"Administração da infraestrutura portuária",H,52,523,52311
5231102,"Atividades do operador portuário",H,52,523,52311
5231103,"Gestão de terminais aquaviários",H,52,523,52311
5232000,"Atividades de agenciamento marítimo",H,52,523,52320
5239701,"Serviços de praticagem",H,52,523,52397
5239799,"Atividades auxiliares dos transportes aquaviários não especificadas anteriormente",H,52,523,52397
5240101,"Operação dos aeroportos e campos de aterrissagem",H,52,524,52401
5240199,"Atividades auxiliares dos transportes aéreos, exceto operação dos aeroportos e campos de aterrissagem",H,52,524,52401
5250801,"Comissaria de despachos",H,52,525,52508
5250802,"Atividades de despachantes aduaneiros",H,52,525,52508
5250803,"Agenciamento de cargas, exceto para o transporte marítimo",H,52,525,52508
5250804,"Organização logística do transporte de carga",H,52,525,52508
5250805,"Operador de transporte multimodal - otm",H,52,525,52508
5310501,"Atividades do correio nacional",H,53,531,53105
5310502,"Atividades de franqueadas do correio nacional",H,53,531,53105
5320201,"Serviços de malote não realizados pelo correio nacional",H,53,532,53202
5320202,"Serviços de entrega rápida",H,53,532,53202
5510801,Hotéis,I,55,551,55108
5510802,"Apart hotéis",I,55,551,55108
5510803,Motéis,I,55,551,55108
5590601,"Albergues, exceto assistenciais",I,55,559,55906
5590602,Campings,I,55,559,55906
5590603,Pensões(alojamento),I,55,559,55906
5590699,"Outros alojamentos não especificados anteriormente",I,55,559,55906
5611201,"Restaurantes e similares",I,56,561,56112
5611203,"Lanchonetes, casas de chá, de sucos e similares",I,56,561,56112
5611204,"Bares e outros estabelecimentos especializados em servir bebidas, sem entretenimento",I,56,561,56112
5611205,"Bares e outros estabelecimentos especializados em servir bebidas, com entretenimento ",I,56,561,56112
5612100,"Serviços ambulantes de alimentação",I,56,561,56121
5620101,"Fornecimento de alimentos preparados preponderantemente para empresas",I,56,562,56201
5620102,"Serviços de alimentação para eventos e recepções - bufê",I,56,562,56201
5620103,"Cantinas - serviços de alimentação privativos",I,56,562,56201
5620104,"Fornecimento de alimentos preparados preponderantemente para consumo domiciliar",I,56,562,56201
5811500,"Edição de livros",J,58,581,58115
5812301,"Edição de jornais diários",J,58,581,58123
5812302,"Edição de jornais não diários",J,58,581,58123
5813100,"Edição de revistas",J,58,581,58131
5819100,"Edição de cadastros, listas e de outros produtos gráficos",J,58,581,58191
5821200,"Edição integrada à impressão de livros",J,58,582,58212
5822101,"Edição integrada à impressão de jornais diários",J,58,582,58221
5822102,"Edição integrada à impressão de jornais não diários",J,58,582,58221
5823900,"Edição integrada à impressão de revistas",J,58,582,58239
5829800,"Edição integrada à impressão de cadastros, listas e de outros produtos gráficos",J,58,582,58298
5911101,"Estúdios cinematográficos",J,59,591,59111
5911102,"Produção de filmes para publicidade",J,59,591,59111
5911199,"Atividades de produção cinematográfica, de vídeos e de programas de televisão não especificadas anteriormente",J,59,591,59111
5912001,"Serviços de dublagem",J,59,591,59120
5912002,"Serviços de mixagem sonora em produção audiovisual",J,59,591,59120
5912099,"Atividades de pós produção cinematográfica, de vídeos e de programas de televisão não especificadas anteriormente",J,59,591,59120
5913800,"Distribuição cinematográfica, de vídeo e de programas de televisão",J,59,591,59138
5914600,"Atividades de exibição cinematográfica",J,59,591,59146
5920100,"Atividades de gravação de som e de edição de música",J,59,592,59201
6010100,"Atividades de rádio",J,60,601,60101
6021700,"Atividades de televisão aberta",J,60,602,60217
6022501,Programadoras,J,60,602,60225
6022502,"Atividades relacionadas à televisão por assinatura, exceto programadoras",J,60,602,60225
6110801,"Serviços de telefonia fixa comutada - stfc",J,61,611,61108
6110802,"Serviços de redes de transportes de telecomunicações - srtt",J,61,611,61108
6110803,"Serviços de comunicação multimídia - scm",J,61,611,61108
6110899,"Serviços de telecomunicações por fio não especificados anteriormente",J,61,611,61108
6120501,"Telefonia móvel celular",J,61,612,61205
6120502,"Serviço móvel especializado - sme",J,61,612,61205
6120599,"Serviços de telecomunicações sem fio não especificados anteriormente",J,61,612,61205
6130200,"Telecomunicações por satélite",J,61,613,61302
6141800,"Operadoras de televisão por assinatura por cabo",J,61,614,61418
6142600,"Operadoras de televisão por assinatura por microondas",J,61,614,61426
6143400,"Operadoras de televisão por assinatura por satélite",J,61,614,61434
6190601,"Provedores de acesso às redes de comunicações",J,61,619,61906
6190602,"Provedores de voz sobre protocolo internet - voip",J,61,619,61906
6190699,"Outras atividades de telecomunicações não especificadas anteriormente",J,61,619,61906
6201501,"Desenvolvimento de programas de computador sob encomenda",J,62,620,62015
6201502,"Web design",J,62,620,62015
6202300,"Desenvolvimento e licenciamento de programas de computador customizáveis",J,62,620,62023
6203100,"Desenvolvimento e licenciamento de programas de computador não customizáveis",J,62,620,62031
6204000,"Consultoria em tecnologia da informação",J,62,620,62040
6209100,"Suporte técnico, manutenção e outros serviços em tecnologia da informação",J,62,620,62091
6311900,"Tratamento de dados, provedores de serviços de aplicação e serviços de hospedagem na internet",J,63,631,63119
6319400,"Portais, provedores de conteúdo e outros serviços de informação na internet",J,63,631,63194
6391700,"Agências de notícias",J,63,639,63917
6399200,"Outras atividades de prestação de serviços de informação não especificadas anteriormente",J,63,639,63992
6410700,"Banco central",K,64,641,64107
6421200,"Bancos comerciais",K,64,642,64212
6422100,"Bancos múltiplos, com carteira comercial",K,64,642,64221
6423900,"Caixas econômicas",K,64,642,64239
6424701,"Bancos cooperativos",K,64,642,64247
6424702,"Cooperativas centrais de crédito",K,64,642,64247
6424703,"Cooperativas de crédito mútuo",K,64,642,64247
6424704,"Cooperativas de crédito rural",K,64,642,64247
6431000,"Bancos múltiplos, sem carteira comercial",K,64,643,64310
6432800,"Bancos de investimento",K,64,643,64328
6433600,"Bancos de desenvolvimento",K,64,643,64336
6434400,"Agências de fomento",K,64,643,64344
6435201,"Sociedades de crédito imobiliário",K,64,643,64352
6435202,"Associações de poupança e empréstimo",K,64,643,64352
6435203,"Companhias hipotecárias",K,64,643,64352
6436100,"Sociedades de crédito, financiamento e investimento - financeiras",K,64,643,64361
6437900,"Sociedades de crédito ao microempreendedor",K,64,643,64379
6438701,"Bancos de câmbio",K,64,643,64387
6438799,"Outras instituições de intermediação não monetária",K,64,643,64387
6440900,"Arrendamento mercantil",K,64,644,64409
6450600,"Sociedades de capitalização",K,64,645,64506
6461100,"Holdings de instituições financeiras",K,64,646,64611
6462000,"Holdings de instituições não financeiras",K,64,646,64620
6463800,"Outras sociedades de participação, exceto holdings",K,64,646,64638
6470101,"Fundos de investimento, exceto previdenciários e imobiliários",K,64,647,64701
6470102,"Fundos de investimento previdenciários",K,64,647,64701
6470103,"Fundos de investimento imobiliários",K,64,647,64701
6491300,"Sociedades de fomento mercantil - factoring",K,64,649,64913
6492100,"Securitização de créditos",K,64,649,64921
6493000,"Administração de consórcios para aquisição de bens e direitos",K,64,649,64930
6499901,"Clubes de investimento",K,64,649,64999
6499902,"Sociedades de investimento",K,64,649,64999
6499903,"Fundo garantidor de crédito",K,64,649,64999
6499904,"Caixas de financiamento de corporações",K,64,649,64999
6499905,"Concessão de crédito pelas oscip",K,64,649,64999
6499999,"Outras atividades de serviços financeiros não especificadas anteriormente",K,64,649,64999
6511101,"Sociedade seguradora de seguros vida",K,65,651,65111
6511102,"Planos de auxílio funeral",K,65,651,65111
6512000,"Sociedade seguradora de seguros não vida",K,65,651,65120
6520100,"Sociedade seguradora de seguros saúde",K,65,652,65201
6530800,Resseguros,K,65,653,65308
6541300,"Previdência complementar fechada",K,65,654,65413
6542100,"Previdência complementar aberta",K,65,654,65421
6550200,"Planos de saúde",K,65,655,65502
6611801,"Bolsa de valores",K,66,661,66118
6611802,"Bolsa de mercadorias",K,66,661,66118
6611803,"Bolsa de mercadorias e futuros",K,66,661,66118
6611804,"Administração de mercados de balcão organizados",K,66,661,66118
6612601,"Corretoras de títulos e valores mobiliários",K,66,661,66126
6612602,"Distribuidoras de títulos e valores mobiliários",K,66,661,66126
6612603,"Corretoras de câmbio",K,66,661,66126
6612604,"Corretoras de contratos de mercadorias",K,66,661,66126
6612605,"Agentes de investimentos em aplicações financeiras",K,66,661,66126
6613400,"Administração de cartões de crédito",K,66,661,66134
6619301,"Serviços de liquidação e custódia",K,66,661,66193
6619302,"Correspondentes de instituições financeiras",K,66,661,66193
6619303,"Representações de bancos estrangeiros",K,66,661,66193
6619304,"Caixas eletrônicos",K,66,661,66193
6619305,"Operadoras de cartões de débito",K,66,661,66193
6619399,"Outras atividades auxiliares dos serviços financeiros não especificadas anteriormente",K,66,661,66193
6621501,"Peritos e avaliadores de seguros",K,66,662,66215
6621502,"Auditoria e consultoria atuarial",K,66,662,66215
6622300,"Corretores e agentes de seguros, de planos de previdência complementar e de saúde",K,66,662,66223
6629100,"Atividades auxiliares dos seguros, da previdência complementar e dos planos de saúde não especificadas anteriormente",K,66,662,66291
6630400,"Atividades de administração de fundos por contrato ou comissão",K,66,663,66304
6810201,"Compra e venda de imóveis próprios",L,68,681,68102
6810202,"Aluguel de imóveis próprios",L,68,681,68102
6810203,"Loteamento de imóveis próprios",L,68,681,68102
6821801,"Corretagem na compra e venda e avaliação de imóveis",L,68,682,68218
6821802,"Corretagem no aluguel de imóveis",L,68,682,68218
6822600,"Gestão e administração da propriedade imobiliaria",L,68,682,68226
6911701,"Serviços advocatícios",M,69,691,69117
6911702,"Atividades auxiliares da justiça",M,69,691,69117
6911703,"Agente de propriedade industrial",M,69,691,69117
6912500,Cartórios,M,69,691,69125
6920601,"Atividades de contabilidade",M,69,692,69206
6920602,"Atividades de consultoria e auditoria contábil e tributária",M,69,692,69206
7020400,"Atividades de consultoria em gestão empresarial, exceto consultoria técnica específica",M,70,702,70204
7111100,"Serviços de arquitetura",M,71,711,71111
7112000,"Serviços de engenharia",M,71,711,71120
7119701,"Serviços de cartografia, topografia e geodésia",M,71,711,71197
7119702,"Atividades de estudos geológicos",M,71,711,71197
7119703,"Serviços de desenho técnico relacionados à arquitetura e engenharia",M,71,711,71197
7119704,"Serviços de perícia técnica relacionados à segurança do trabalho",M,71,711,71197
7119799,"Atividades técnicas relacionadas à engenharia e arquitetura não especificadas anteriormente",M,71,711,71197
7120100,"Testes e análises técnicas",M,71,712,71201
7210000,"Pesquisa e desenvolvimento experimental em ciências físicas e naturais",M,72,721,72100
7220700,"Pesquisa e desenvolvimento experimental em ciências sociais e humanas",M,72,722,72207
7311400,"Agências de publicidade",M,73,731,73114
7312200,"Agenciamento de espaços para publicidade, exceto em veículos de comunicação",M,73,731,73122
7319001,"Criação estandes para feiras e exposições",M,73,731,73190
7319002,"Promoção de vendas",M,73,731,73190
7319003,"Marketing direto",M,73,731,73190
7319004,"Consultoria em publicidade",M,73,731,73190
7319099,"Outras atividades de publicidade não especificadas anteriormente",M,73,731,73190
7320300,"Pesquisas de mercado e de opinião pública",M,73,732,73203
7410202,"Design de interiores",M,74,741,74102
7410203,"Design de produto",M,74,741,74102
7410299,"Atividades de design não especificadas anteriormente",M,74,741,74102
7420001,"Atividades de produção de fotografias, exceto aérea e submarina",M,74,742,74200
7420002,"Atividades de produção de fotografias aéreas e submarinas",M,74,742,74200
7420003,"Laboratórios fotográficos",M,74,742,74200
7420004,"Filmagem de festas e eventos",M,74,742,74200
7420005,"Serviços de microfilmagem",M,74,742,74200
7490101,"Serviços de tradução, interpretação e similares",M,74,749,74901
7490102,"Escafandria e mergulho",M,74,749,74901
7490103,"Serviços de agronomia e de consultoria às atividades agrícolas e pecuárias",M,74,749,74901
7490104,"Atividades de intermediação e agenciamento de serviços e negócios em geral, exceto imobiliários",M,74,749,74901
7490105,"Agenciamento de profissionais para atividades esportivas, culturais e artísticas",M,74,749,74901
7490199,"Outras atividades profissionais, científicas e técnicas não especificadas anteriormente",M,74,749,74901
7500100,"Atividades veterinárias",M,75,750,75001
7711000,"Locação de automóveis sem condutor",N,77,771,77110
7719501,"Locação de embarcações sem tripulação, exceto para fins recreativos",N,77,771,77195
7719502,"Locação de aeronaves sem tripulação",N,77,771,77195
7719599,"Locação de outros meios de transporte não especificados anteriormente, sem condutor",N,77,771,77195
7721700,"Aluguel de equipamentos recreativos e esportivos",N,77,772,77217
7722500,"Aluguel de fitas de vídeo, dvds e similares",N,77,772,77225
7723300,"Aluguel de objetos do vestuário, jóias e acessórios",N,77,772,77233
7729201,"Aluguel de aparelhos de jogos eletrônicos",N,77,772,77292
7729202,"Aluguel de móveis, utensílios e aparelhos de uso doméstico e pessoal; instrumentos musicais",N,77,772,77292
7729203,"Aluguel de material médico",N,77,772,77292
7729299,"Aluguel de outros objetos pessoais e domésticos não especificados anteriormente",N,77,772,77292
7731400,"Aluguel de máquinas e equipamentos agrícolas sem operador",N,77,773,77314
7732201,"Aluguel de máquinas e equipamentos para construção sem operador, exceto andaimes",N,77,773,77322
7732202,"Aluguel de andaimes",N,77,773,77322
7733100,"Aluguel de máquinas e equipamentos para escritórios",N,77,773,77331
7739001,"Aluguel de máquinas e equipamentos para extração de minérios e petróleo, sem operador",N,77,773,77390
7739002,"Aluguel de equipamentos científicos, médicos e hospitalares, sem operador",N,77,773,77390
7739003,"Aluguel de palcos, coberturas e outras estruturas de uso temporário, exceto andaimes",N,77,773,77390
7739099,"Aluguel de outras máquinas e equipamentos comerciais e industriais não especificados anteriormente, sem operador",N,77,773,77390
7740300,"Gestão de ativos intangíveis não financeiros",N,77,774,77403
7810800,"Seleção e agenciamento de mão de obra",N,78,781,78108
7820500,"Locação de mão de obra temporária",N,78,782,78205
7830200,"Fornecimento e gestão de recursos humanos para terceiros",N,78,783,78302
7911200,"Agências de viagens",N,79,791,79112
7912100,"Operadores turísticos",N,79,791,79121
7990200,"Serviços de reservas e outros serviços de turismo não especificados anteriormente",N,79,799,79902
8011101,"Atividades de vigilância e segurança privada",N,80,801,80111
8011102,"Serviços de adestramento de cães de guarda",N,80,801,80111
8012900,"Atividades de transporte de valores",N,80,801,80129
8020001,"Atividades de monitoramento de sistemas de segurança eletrônico",N,80,802,80200
8020002,"Outras atividades de serviços de segurança",N,80,802,80200
8030700,"Atividades de investigação particular",N,80,803,80307
8111700,"Serviços combinados para apoio a edifícios, exceto condomínios prediais",N,81,811,81117
8112500,"Condomínios prediais",N,81,811,81125
8121400,"Limpeza em prédios e em domicílios",N,81,812,81214
8122200,"Imunização e controle de pragas urbanas",N,81,812,81222
8129000,"Atividades de limpeza não especificadas anteriormente",N,81,812,81290
8130300,"Atividades paisagísticas",N,81,813,81303
8211300,"Serviços combinados de escritório e apoio administrativo",N,82,821,82113
8219901,Fotocópias,N,82,821,82199
8219999,"Preparação de documentos e serviços especializados de apoio administrativo não especificados anteriormente",N,82,821,82199
8220200,"Atividades de teleatendimento",N,82,822,82202
8230001,"Serviços de organização de feiras, congressos, exposições e festas",N,82,823,82300
8230002,"Casas de festas e eventos",N,82,823,82300
8291100,"Atividades de cobranças e informações cadastrais",N,82,829,82911
8292000,"Envasamento e empacotamento sob contrato",N,82,829,82920
8299701,"Medição de consumo de energia elétrica, gás e água",N,82,829,82997
8299702,"Emissão de vales alimentação, vales transporte e similares",N,82,829,82997
8299703,"Serviços de gravação de carimbos, exceto confecção",N,82,829,82997
8299704,"Leiloeiros independentes",N,82,829,82997
8299705,"Serviços de levantamento de fundos sob contrato",N,82,829,82997
8299706,"Casas lotéricas",N,82,829,82997
8299707,"Salas de acesso à internet",N,82,829,82997
8299799,"Outras atividades de serviços prestados principalmente às empresas não especificadas anteriormente",N,82,829,82997
8411600,"Administração pública em geral",O,84,841,84116
8412400,"Regulação das atividades de saúde, educação, serviços culturais e outros serviços sociais",O,84,841,84124
8413200,"Regulação das atividades econômicas",O,84,841,84132
8421300,"Relações exteriores",O,84,842,84213
8422100,Defesa,O,84,842,84221
8423000,Justiça,O,84,842,84230
8424800,"Segurança e ordem pública",O,84,842,84248
8425600,"Defesa civil",O,84,842,84256
8430200,"Seguridade social obrigatória",O,84,843,84302
8511200,"Educação infantil - creche",P,85,851,85112
8512100,"Educação infantil - préescola",P,85,851,85121
8513900,"Ensino fundamental",P,85,851,85139
8520100,"Ensino médio",P,85,852,85201
8531700,"Educação superior - graduação",P,85,853,85317
8532500,"Educação superior - graduação e pós graduação",P,85,853,85325
8533300,"Educação superior - pós graduação e extensão",P,85,853,85333
8541400,"Educação profissional de nível técnico",P,85,854,85414
8542200,"Educação profissional de nível tecnológico",P,85,854,85422
8550301,"Administração de caixas escolares",P,85,855,85503
8550302,"Atividades de apoio à educação, exceto caixas escolares",P,85,855,85503
8591100,"Ensino de esportes",P,85,859,85911
8592901,"Ensino de dança",P,85,859,85929
8592902,"Ensino de artes cênicas, exceto dança",P,85,859,85929
8592903,"Ensino de música",P,85,859,85929
8592999,"Ensino de arte e cultura não especificado anteriormente",P,85,859,85929
8593700,"Ensino de idiomas",P,85,859,85937
8599601,"Formação de condutores",P,85,859,85996
8599602,"Cursos de pilotagem",P,85,859,85996
8599603,"Treinamento em informática",P,85,859,85996
8599604,"Treinamento em desenvolvimento profissional e gerencial",P,85,859,85996
8599605,"Cursos preparatórios para concursos",P,85,859,85996
8599699,"Outras atividades de ensino não especificadas anteriormente",P,85,859,85996
8610101,"Atividades de atendimento hospitalar, exceto pronto socorro e unidades para atendimento a urgências",Q,86,861,86101
8610102,"Atividades de atendimento em pronto socorro e unidades hospitalares para atendimento a urgências",Q,86,861,86101
8621601,"Uti móvel",Q,86,862,86216
8621602,"Serviços móveis de atendimento a urgências, exceto por uti móvel",Q,86,862,86216
8622400,"Serviços de remoção de pacientes, exceto os serviços móveis de atendimento a urgências",Q,86,862,86224
8630501,"Atividade médica ambulatorial com recursos para realização de procedimentos cirúrgicos",Q,86,863,86305
8630502,"Atividade médica ambulatorial com recursos para realização de exames complementares",Q,86,863,86305
8630503,"Atividade médica ambulatorial restrita a consultas",Q,86,863,86305
8630504,"Atividade odontológica",Q,86,863,86305
8630506,"Serviços de vacinação e imunização humana",Q,86,863,86305
8630507,"Atividades de reprodução humana assistida",Q,86,863,86305
8630599,"Atividades de atenção ambulatorial não especificadas anteriormente",Q,86,863,86305
8640201,"Laboratórios de anatomia patológica e citológica",Q,86,864,86402
8640202,"Laboratórios clínicos",Q,86,864,86402
8640203,"Serviços de diálise e nefrologia",Q,86,864,86402
8640204,"Serviços de tomografia",Q,86,864,86402
8640205,"Serviços de diagnóstico por imagem com uso de radiação ionizante, exceto tomografia",Q,86,864,86402
8640206,"Serviços de ressonância magnética",Q,86,864,86402
8640207,"Serviços de diagnóstico por imagem sem uso de radiação ionizante, exceto ressonância magnética",Q,86,864,86402
8640208,"Serviços de diagnóstico por registro gráfico - ecg, eeg e outros exames análogos",Q,86,864,86402
8640209,"Serviços de diagnóstico por métodos ópticos - endoscopia e outros exames análogos",Q,86,864,86402
8640210,"Serviços de quimioterapia",Q,86,864,86402
8640211,"Serviços de radioterapia",Q,86,864,86402
8640212,"Serviços de hemoterapia",Q,86,864,86402
8640213,"Serviços de litotripcia",Q,86,864,86402
8640214,"Serviços de bancos de células e tecidos humanos",Q,86,864,86402
8640299,"Atividades de serviços de complementação diagnóstica e terapêutica não especificadas anteriormente",Q,86,864,86402
8650001,"Atividades de enfermagem",Q,86,865,86500
8650002,"Atividades de profissionais da nutrição",Q,86,865,86500
8650003,"Atividades de psicologia e psicanálise",Q,86,865,86500
8650004,"Atividades de fisioterapia",Q,86,865,86500
8650005,"Atividades de terapia ocupacional",Q,86,865,86500
8650006,"Atividades de fonoaudiologia",Q,86,865,86500
8650007,"Atividades de terapia de nutrição enteral e parenteral",Q,86,865,86500
8650099,"Atividades de profissionais da área de saúde não especificadas anteriormente",Q,86,865,86500
8660700,"Atividades de apoio à gestão de saúde",Q,86,866,86607
8690901,"Atividades de práticas integrativas e complementares em saúde humana",Q,86,869,86909
8690902,"Atividades de banco de leite humano",Q,86,869,86909
8690903,"Atividades de acupuntura",Q,86,869,86909
8690904,"Atividades de podologia",Q,86,869,86909
8690999,"Outras atividades de atenção à saúde humana não especificadas anteriormente",Q,86,869,86909
8711501,"Clínicas e residências geriátricas",Q,87,871,87115
8711502,"Instituições de longa permanência para idosos",Q,87,871,87115
8711503,"Atividades de assistência a deficientes físicos, imunodeprimidos e convalescentes",Q,87,871,87115
8711504,"Centros de apoio a pacientes com câncer e com aids",Q,87,871,87115
8711505,"Condomínios residenciais para idosos",Q,87,871,87115
8712300,"Atividades de fornecimento de infraestrutura de apoio e assistência a paciente no domicílio",Q,87,871,87123
8720401,"Atividades de centros de assistência psicossocial",Q,87,872,87204
8720499,"Atividades de assistência psicossocial e à saúde a portadores de distúrbios psíquicos, deficiência mental e dependência química e grupos similares não especificadas anteriormente",Q,87,872,87204
8730101,Orfanatos,Q,87,873,87301
8730102,"Albergues assistenciais",Q,87,873,87301
8730199,"Atividades de assistência social prestadas em residências coletivas e particulares não especificadas anteriormente",Q,87,873,87301
8800600,"Serviços de assistência social sem alojamento",Q,88,880,88006
9001901,"Produção teatral",R,90,900,90019
9001902,"Produção musical",R,90,900,90019
9001903,"Produção de espetáculos de dança",R,90,900,90019
9001904,"Produção de espetáculos circenses, de marionetes e similares",R,90,900,90019
9001905,"Produção de espetáculos de rodeios, vaquejadas e similares",R,90,900,90019
9001906,"Atividades de sonorização e de iluminação",R,90,900,90019
9001999,"Artes cênicas, espetáculos e atividades complementares não especificadas anteriormente",R,90,900,90019
9002701,"Atividades de artistas plásticos, jornalistas independentes e escritores",R,90,900,90027
9002702,"Restauração de obras de arte",R,90,900,90027
9003500,"Gestão de espaços para artes cênicas, espetáculos e outras atividades artísticas",R,90,900,90035
9101500,"Atividades de bibliotecas e arquivos",R,91,910,91015
9102301,"Atividades de museus e de exploração de lugares e prédios históricos e atrações similares",R,91,910,91023
9102302,"Restauração e conservação de lugares e prédios históricos",R,91,910,91023
9103100,"Atividades de jardins botânicos, zoológicos, parques nacionais, reservas ecológicas e áreas de proteção ambiental",R,91,910,91031
9200301,"Casas de bingo",R,92,920,92003
9200302,"Exploração de apostas em corridas de cavalos",R,92,920,92003
9200399,"Exploração de jogos de azar e apostas não especificados anteriormente",R,92,920,92003
9311500,"Gestão de instalações de esportes",R,93,931,93115
9312300,"Clubes sociais, esportivos e similares",R,93,931,93123
9313100,"Atividades de condicionamento físico",R,93,931,93131
9319101,"Produção e promoção de eventos esportivos",R,93,931,93191
9319199,"Outras atividades esportivas não especificadas anteriormente",R,93,931,93191
9321200,"Parques de diversão e parques temáticos",R,93,932,93212
9329801,"Discotecas, danceterias, salões de dança e similares",R,93,932,93298
9329802,"Exploração de boliches",R,93,932,93298
9329803,"Exploração de jogos de sinuca, bilhar e similares",R,93,932,93298
9329804,"Exploração de jogos eletrônicos recreativos",R,93,932,93298
9329899,"Outras atividades de recreação e lazer não especificadas anteriormente",R,93,932,93298
9411100,"Atividades de organizações associativas patronais e empresariais",S,94,941,94111
9412001,"Atividades de fiscalização profissional",S,94,941,94120
9412099,"Outras atividades associativas profissionais",S,94,941,94120
9420100,"Atividades de organizações sindicais",S,94,942,94201
9430800,"Atividades de associações de defesa de direitos sociais",S,94,943,94308
9491000,"Atividades de organizações religiosas ou filosóficas",S,94,949,94910
9492800,"Atividades de organizações políticas",S,94,949,94928
9493600,"Atividades de organizações associativas ligadas à cultura e à arte",S,94,949,94936
9499500,"Atividades associativas não especificadas anteriormente",S,94,949,94995
9511800,"Reparação e manutenção de computadores e de equipamentos periféricos",S,95,951,95118
9512600,"Reparação e manutenção de equipamentos de comunicação",S,95,951,95126
9521500,"Reparação e manutenção de equipamentos eletroeletrônicos de uso pessoal e doméstico",S,95,952,95215
9529101,"Reparação de calçados, de bolsas e artigos de viagem",S,95,952,95291
9529102,Chaveiros,S,95,952,95291
9529103,"Reparação de relógios",S,95,952,95291
9529104,"Reparação de bicicletas, triciclos e outros veículos não motorizados",S,95,952,95291
9529105,"Reparação de artigos do mobiliário",S,95,952,95291
9529106,"Reparação de jóias",S,95,952,95291
9529199,"Reparação e manutenção de outros objetos e equipamentos pessoais e domésticos não especificados anteriormente",S,95,952,95291
9601701,Lavanderias,S,96,960,96017
9601702,Tinturarias,S,96,960,96017
9601703,Toalheiros,S,96,960,96017
9602501,"Cabeleireiros, manicure e pedicure",S,96,960,96025
9602502,"Atividades de estética e outros serviços de cuidados com a beleza",S,96,960,96025
9603301,"Gestão e manutenção de cemitérios",S,96,960,96033
9603302,"Serviços de cremação",S,96,960,96033
9603303,"Serviços de sepultamento",S,96,960,96033
9603304,"Serviços de funerárias",S,96,960,96033
9603305,"Serviços de somatoconservação",S,96,960,96033
9603399,"Atividades funerárias e serviços relacionados não especificados anteriormente",S,96,960,96033
9609202,"Agências matrimoniais",S,96,960,96092
9609204,"Exploração de máquinas de serviços pessoais acionadas por moeda",S,96,960,96092
9609205,"Atividades de sauna e banhos",S,96,960,96092
9609206,"Serviços de tatuagem e colocação de piercing",S,96,960,96092
9609207,"Alojamento de animais domésticos",S,96,960,96092
9609208,"Higiene e embelezamento de animais domésticos",S,96,960,96092
9609299,"Outras atividades de serviços pessoais não especificadas anteriormente",S,96,960,96092
9700500,"Serviços domésticos",T,97,970,97005
9900800,"Organismos internacionais e outras instituições extraterritoriais",U,99,990,99008
